"ATIV_SQ_ATIVIDADE","ATIV_CD_ATIVIDADE","ATIV_NM_ATIVIDADE"
"1","M200050","ABANDONO"
"2","C400020","ABANDONO"
"3","C400030","ABANDONO"
"4","S400020","ABANDONO"
"5","C300020","ABANDONO"
"6","D03990","ABANDONO"
"7","D01020","ABANDONO"
"8","D03900","ABANDONO"
"9","E01060","ABANDONO"
"10","R101400","ABANDONO DEFINITIVO"
"11","R1014001010","ABANDONO DEFINITIVO"
"12","R02970","ABANDONO DEFINITIVO (CONTINUACAO)"
"13","R02960","ABANDONO DEFINITIVO (INTERROMPIDO)"
"14","R101401","ABANDONO DEFINITIVO 2"
"15","R101405","ABANDONO DEFINITIVO PROBABILISTICO"
"16","R101403","ABANDONO DEFINITIVO SEM ESCOPO"
"17","P700100","ABANDONO DO PILOTO"
"18","D01549","ABANDONO DO PILOTO"
"19","P01549","ABANDONO DO PILOTO"
"20","D01548","ABANDONO DO PILOTO / CONDICIONAMENTO E ABANDONO DO PILOTO"
"21","A100540","ABANDONO ENTRE ZONAS"
"22","R101440","ABANDONO PROVISORIO"
"23","R101460","ABANDONO PROVISORIO 2"
"24","M200000","ABANDONO TEMPORARIO"
"25","C400000","ABANDONO TEMPORARIO"
"26","R01040","ABANDONO TEMPORARIO"
"27","D03980","ABANDONO TEMPORARIO"
"28","R1014001015","ABANDONO TEMPORARIO"
"29","R02950","ABANDONO TEMPORARIO"
"30","SER0016","ABANDONO TEMPORARIO"
"31","M200010","ABANDONO TEMPORARIO 2"
"32","C400010","ABANDONO TEMPORARIO 2"
"33","D03981","ABANDONO TEMPORARIO 2"
"34","SER0017","ABANDONO TEMPORARIO 2"
"35","M200020","ABANDONO TEMPORARIO 3"
"36","C400011","ABANDONO TEMPORARIO 3"
"37","M200030","ABANDONO TEMPORARIO 4"
"38","M200040","ABANDONO TEMPORARIO 5"
"39","R100390","ABERTURA DA VHIF"
"40","R101010","ABERTURA DE SLIDING SLEEVES"
"41","R100395","ABERTURA DE VALVULA DE FUNDO COM CABO ELETRICO"
"42","A100530","ACIDIFICACAO"
"43","R101020","ACIDIFICACAO"
"44","R101060","ACIDIFICACAO BULLHEAD"
"45","R101040","ACIDIFICACAO COM FLEXITUBO"
"46","C200110","ACIDIFICACAO DA FORMACAO"
"47","C200120","ACIDIFICACAO DA FORMACAO 2"
"48","D00100","AGUARDANDO AHTS"
"49","P700150","AGUARDANDO OPERACAO COM SESV"
"50","C100050","AGUARDANDO OPERACAO COM SESV"
"51","R101470","AGUARDANDO OPERACAO COM SESV"
"52","C001600","AGUARDANDO SESV DESCER BAP"
"53","D01507","ALARGAMENTO 14 3/4"""
"54","E01507","ALARGAMENTO 14 3/4"""
"55","E01325","ALARGAMENTO 17 1/2"""
"56","E01529","ALARGAMENTO DA TESTEMUNHAGEM"
"57","R100020","AMORTECER"
"58","R100021","AMORTECER"
"59","R100025","AMORTECER 2"
"60","D01514","AMOSTRAGEM A CABO"
"61","C200035","ANC"
"62","C300000","ANM"
"63","C200040","ANMH"
"64","C200030","ANSH"
"65","O100110","APOIO A PLATAFORMA"
"66","O100115","APOIO A PLSV"
"67","O100215","APOIO A SONDA"
"68","A100000","AVALIACAO EXPLORATORIA"
"69","A100010","AVALIACAO EXPLORATORIA 2"
"70","A100020","AVALIACAO EXPLORATORIA 3"
"71","A100030","AVALIACAO EXPLORATORIA COM CAUDA INFERIOR"
"72","R100075","AVALIACAO/CORRECAO DA CIMENTACAO"
"73","P300770","BASE TORPEDO 30"""
"74","D01122","BASE TORPEDO 30"""
"75","P300775","BASE TORPEDO 36"""
"76","A100440","CANHONEIO"
"77","R100640","CANHONEIO A CABO"
"78","R100660","CANHONEIO A CABO THRU TUBING"
"79","R100685","CANHONEIO FT"
"80","R100690","CANHONEIO FT THRU TUBING"
"81","C100087","CANHONEIO TCP"
"82","R100680","CANHONEIO TCP"
"83","A100470","CAUDA INTERMEDIARIA"
"84","C100130","CAUDA INTERMEDIARIA"
"85","R101230","CHECAGEM DE FUNDO"
"86","O100140","CHECAGEM DO TOPO DO TAMPAO DE SUPERFICIE"
"87","O100141","CHECAGEM DO TOPO DO TAMPAO DE SUPERFICIE"
"88","O100142","CHECAGEM DO TOPO DO TAMPAO DE SUPERFICIE"
"89","O100143","CHECAGEM DO TOPO DO TAMPAO DE SUPERFICIE"
"90","O100144","CHECAGEM DO TOPO DO TAMPAO DE SUPERFICIE"
"91","O100145","CHECAGEM DO TOPO DO TAMPAO DE SUPERFICIE"
"92","D03304","COMISSIONAMENTO DA LINHA DE PRODUCAO"
"93","A100430","COMPLETACAO INFERIOR"
"94","C100100","COMPLETACAO INFERIOR"
"95","D01655","CONDICIONAMENTO"
"96","P700120","CONDICIONAMENTO DO POCO"
"97","P700110","CONDICIONAMENTO E ABANDONO DO PILOTO"
"98","O100040","CONSTRUCAO E MONTAGEM"
"99","A100420","CONTENCAO DE AREIA"
"100","C100060","CONTENCAO DE AREIA"
"101","C100080","CONTENCAO DE AREIA ATE BCS"
"102","C100085","CONTENCAO DE AREIA FINAL"
"103","C100070","CONTENCAO DE AREIA PILOTO"
"104","E01998","CONTINGENCIA"
"105","C400015","CONTINGENCIA CPM - COMP"
"106","P700140","CONTINGENCIA CPM - PERF"
"107","D100010","CONTINGENCIA DA DOCAGEM"
"108","D200010","CONTINGENCIA RECEBIMENTO DA SONDA"
"109","C200000","COP - TH"
"110","C200001","COP - TH (CONTINUACAO)"
"111","P300780","CRAVAMENTO CONDUTOR 30"""
"112","D01123","CRAVAMENTO CONDUTOR 30"""
"113","P300790","CRAVAMENTO CONDUTOR 36"""
"114","P300740","CRAVAMENTO CONDUTOR 42"""
"115","E01450","DESCIDA BOP"
"116","D01590","DESCIDA DA ANMH"
"117","D01450","DESCIDA DA BAP"
"118","D01680","DESCIDA DA BAP"
"119","D03150","DESCIDA DA BAP"
"120","D01580D10","DESCIDA DA BAP"
"121","P600160","DESCIDA DA BAP DT"
"122","D01580","DESCIDA DA BAP/BOP"
"123","D01290","DESCIDA DA BAP/BOP"
"124","D01580D","DESCIDA DA BAP/BOP"
"125","D03000","DESCIDA DA BAP/BOP"
"126","D01460","DESCIDA DA BAP/BOP"
"127","E01606","DESCIDA DA BAP/BOP"
"128","E01451","DESCIDA DA BAP/BOP 2 (REPARO BOP)"
"129","R100191","DESCIDA DE BOP"
"130","C100921","DESCIDA DE COLUNA COM DST CONVENCIONAL"
"131","A100210","DESCIDA DE COLUNA COM DST CONVENCIONAL"
"132","A100220","DESCIDA DE COLUNA COM DST DE ALTO DESEMPENHO"
"133","C100922","DESCIDA DE COLUNA COM DST DE ALTO DESEMPENHO"
"134","A100230","DESCIDA DE COLUNA COM DST LARGE BORE"
"135","C100923","DESCIDA DE COLUNA COM DST LARGE BORE"
"136","C200061","DESCIDA DE VALVULA DE FECHAMENTO DE FUNDO CONVENCIONAL"
"137","R100861","DESCIDA DE VALVULA DE FECHAMENTO DE FUNDO CONVENCIONAL"
"138","C200071","DESCIDA DE VALVULA DE FECHAMENTO DE FUNDO CONVENCIONAL 2"
"139","C200062","DESCIDA DE VALVULA DE FECHAMENTO DE FUNDO DE ALTO DESEMPENHO"
"140","R100862","DESCIDA DE VALVULA DE FECHAMENTO DE FUNDO DE ALTO DESEMPENHO"
"141","C200072","DESCIDA DE VALVULA DE FECHAMENTO DE FUNDO DE ALTO DESEMPENHO 2"
"142","D01280","DESCIDA DO BOP"
"143","D01606","DESCIDA DO BOP"
"144","E01280","DESCIDA DO BOP"
"145","D03080","DESCIDA DO BOP"
"146","D01581","DESCIDA DO BOP"
"147","D01281","DESCIDA DO BOP"
"148","D01280D","DESCIDA DO BOP"
"149","E01581","DESCIDA DO BOP"
"150","E01281","DESCIDA DO BOP"
"151","D01451","DESCIDA DO BOP"
"152","R101420","DESEQUIPAR POCO"
"153","R100962","DISSOCIACAO DE HIDRATO 2"
"154","M100000","DMM"
"155","ABD01000","DMM"
"156","R01000","DMM"
"157","M100010","DMM 2"
"158","R01001","DMM 2"
"159","SER0100","DMM 2"
"160","ABD01005","DMM 2"
"161","M100020","DMM 3"
"162","M100030","DMM 4"
"163","M100040","DMM 5"
"164","M100050","DMM 6"
"165","M300000","DMM E ABANDONO"
"166","D100000","DOCAGEM DA SONDA"
"167","S400000","DURACAO AVALIACAO"
"168","S500000","DURACAO COMPLETACAO"
"169","S500030","DURACAO COMPLETACAO (ANM + TREE CAP)"
"170","S500010","DURACAO COMPLETACAO (ATE TH)"
"171","S500020","DURACAO COMPLETACAO SUPERIOR + AVALIACAO"
"172","S300000","DURACAO PERFURACAO"
"173","S300010","DURACAO PERFURACAO (CONTINUACAO)"
"174","S300020","DURACAO PERFURACAO UBD"
"175","R100900","ENCAMISAR DHSV"
"176","D09100","EQUIPAMENTOS DE COMPLETACAO INFERIOR"
"177","D01010","FASE ABANDONADA"
"178","R101480","FINAL DA OPERACAO"
"179","O100130","FINAL DA OPERACAO"
"180","C200081","FLUXOS E ESTATICAS COM PLANTA DE TESTE CONVENCIONAL"
"181","C100911","FLUXOS E ESTATICAS COM PLANTA DE TESTE CONVENCIONAL"
"182","A100110","FLUXOS E ESTATICAS COM PLANTA DE TESTE CONVENCIONAL"
"183","R100821","FLUXOS E ESTATICAS COM PLANTA DE TESTE CONVENCIONAL"
"184","A100120","FLUXOS E ESTATICAS COM PLANTA DE TESTE DE ALTO DESEMPENHO"
"185","C200082","FLUXOS E ESTATICAS COM PLANTA DE TESTE DE ALTO DESEMPENHO"
"186","C100912","FLUXOS E ESTATICAS COM PLANTA DE TESTE DE ALTO DESEMPENHO"
"187","R100822","FLUXOS E ESTATICAS COM PLANTA DE TESTE DE ALTO DESEMPENHO"
"188","A100130","FLUXOS E ESTATICAS COM PLANTA DE TESTE TOLERANTE A SOLIDOS"
"189","C100913","FLUXOS E ESTATICAS COM PLANTA DE TESTE TOLERANTE A SOLIDOS"
"190","C200083","FLUXOS E ESTATICAS COM PLANTA DE TESTE TOLERANTE A SOLIDOS"
"191","R100823","FLUXOS E ESTATICAS COM PLANTA DE TESTE TOLERANTE A SOLIDOS"
"192","C200084","FLUXOS E ESTATICAS SEM PLANTA DE TESTE"
"193","R100824","FLUXOS E ESTATICAS SEM PLANTA DE TESTE"
"194","R101140","FRAC-PACKING"
"195","R101120","FRATURAMENTO"
"196","A100460","FRATURAMENTO ACIDO"
"197","A100520","FRATURAMENTO ACIDO"
"198","C100120","FRATURAMENTO ACIDO"
"199","A100450","FRATURAMENTO HIDRAULICO"
"200","A100510","FRATURAMENTO HIDRAULICO"
"201","C100110","FRATURAMENTO HIDRAULICO"
"202","R100100","GABARITAGEM DA COP"
"203","R100050","HEAVY WORKOVER PROBABILISTICO"
"204","R100034","HEAVY WORKOVER SEM ESCOPO"
"205","O100090","ICAMENTO"
"206","C200050","INDUCAO DE SURGENCIA"
"207","R100800","INDUCAO DE SURGENCIA"
"208","D03600","INDUCAO DE SURGENCIA"
"209","D03450","INDUCAO DE SURGENCIA"
"210","C200051","INDUCAO DE SURGENCIA COM PLANTA DE TESTE CONVENCIONAL"
"211","R100801","INDUCAO DE SURGENCIA COM PLANTA DE TESTE CONVENCIONAL"
"212","C200052","INDUCAO DE SURGENCIA COM PLANTA DE TESTE DE ALTO DESEMPENHO"
"213","R100802","INDUCAO DE SURGENCIA COM PLANTA DE TESTE DE ALTO DESEMPENHO"
"214","C200053","INDUCAO DE SURGENCIA COM PLANTA DE TESTE TOLERANTE A SOLIDOS"
"215","R100803","INDUCAO DE SURGENCIA COM PLANTA DE TESTE TOLERANTE A SOLIDOS"
"216","R100804","INDUCAO DE SURGENCIA SEM PLANTA DE TESTE"
"217","C200054","INDUCAO DE SURGENCIA SEM PLANTA DE TESTE"
"218","R100110","INSTALACAO BRV"
"219","R100300","INSTALACAO DA ANC"
"220","R100240","INSTALACAO DA ANM"
"221","O100010","INSTALACAO DA BAB"
"222","R100460","INSTALACAO DA BAP"
"223","R100620","INSTALACAO DA BCS"
"224","R100600","INSTALACAO DA BCSS"
"225","R02711","INSTALACAO DA BCSS (CONTINUACAO)"
"226","R101260","INSTALACAO DA CA (GRAVEL  HRWP  FRAC)"
"227","R101280","INSTALACAO DA CAUDA"
"228","R100140","INSTALACAO DA COP"
"229","O100030","INSTALACAO DA ESTACA DE ANCORAGEM"
"230","R100340","INSTALACAO DA TREE CAP"
"231","R02890","INSTALACAO DA TREE CAP"
"232","R100470","INSTALACAO DE BARREIRAS MECANICAS"
"233","R101333","INSTALACAO DE BARREIRAS MECANICAS"
"234","O100200","INSTALACAO DE BASE REASSENTAVEL"
"235","O100201","INSTALACAO DE BASE REASSENTAVEL"
"236","O100202","INSTALACAO DE BASE REASSENTAVEL"
"237","O100203","INSTALACAO DE BASE REASSENTAVEL"
"238","O100204","INSTALACAO DE BASE REASSENTAVEL"
"239","O100205","INSTALACAO DE BASE REASSENTAVEL"
"240","O100206","INSTALACAO DE BASE REASSENTAVEL"
"241","O100207","INSTALACAO DE BASE REASSENTAVEL"
"242","O100208","INSTALACAO DE BASE REASSENTAVEL"
"243","O100209","INSTALACAO DE BASE REASSENTAVEL"
"244","O100210","INSTALACAO DE BASE REASSENTAVEL"
"245","O100211","INSTALACAO DE BASE REASSENTAVEL"
"246","O100212","INSTALACAO DE BASE REASSENTAVEL"
"247","O100213","INSTALACAO DE BASE REASSENTAVEL"
"248","O100214","INSTALACAO DE BASE REASSENTAVEL"
"249","R101390","INSTALACAO DE CATS"
"250","A100600","INSTALACAO DE CATS"
"251","A300000","INSTALACAO DE CATS"
"252","C100200","INSTALACAO DE CATS"
"253","O100015","INSTALACAO DE LDB"
"254","C100015","INSTALACAO DE LDB"
"255","P300800","INSTALACAO DE REGISTRADOR DE PRESSAO"
"256","R101300","INSTALACAO DO BPP/CR A CABO"
"257","R101320","INSTALACAO DO BPP/CR INFLAVEL FLEXITUBO"
"258","O100070","INSTALACAO DO MANIFOLD"
"259","O100000","INSTALACAO DO MOBO"
"260","O100000-2","INSTALACAO DO MOBO PROD O JUB"
"261","SER0015","INSTALACAO DO MOBO PROD O JUB"
"262","R101340","INSTALACAO DO PACKER DE ABANDONO"
"263","R101330","INSTALACAO DO PLUG"
"264","R101335","INSTALACAO DO PLUG 2"
"265","O100120","INSTALACAO DO VASPS"
"266","R100910","INSTALAR DHSV"
"267","P700130","INTERCEPTACAO"
"268","R101100","ISOLAMENTO DE ZONA"
"269","J100000","JANELA DA SONDA"
"270","P300760","JATEAMENTO 30"""
"271","P300110","JATEAMENTO 30""/REV 30"""
"272","D01121","JATEAMENTO 30""/REV 30"""
"273","D01124","JATEAMENTO 30""/REV 30"""
"274","P300750","JATEAMENTO 36"""
"275","D01095","JATEAMENTO 42"""
"276","P300730","JATEAMENTO 42""/TUBULAO 42"""
"277","P300720","JATEAMENTO 46"""
"278","O100060","LANCAMENTO DE MANIFOLD"
"279","O100050","LANCAMENTO DE PLATAFORMA"
"280","R100045","LIGHT WORKOVER PROBABILISTICO"
"281","R100032","LIGHT WORKOVER SEM ESCOPO"
"282","R100880","LIMPEZA DE FUNDO"
"283","R100890","LIMPEZA DE LINHA"
"284","R02685","LIMPEZA FLOWLINE E PREVENCAO DE HIDRATO"
"285","R101380","MANUTENCAO DO MOBO"
"286","P900110","MICROFRATURAMENTO POCO ABERTO"
"287","C100150","MICROFRATURAMENTO POCO ABERTO"
"288","P900100","MICROFRATURAMENTO POCO REVESTIDO"
"289","C100140","MICROFRATURAMENTO POCO REVESTIDO"
"290","R101370","MOBO SEM ESCOPO"
"291","DOC0001","MSI MRL-4"
"292","R02980","MSPI"
"293","P500100","OPERACAO COM BAP/BOP"
"294","C100000","OPERACAO COM BAP/BOP"
"295","R100190","OPERACAO COM BAP/BOP"
"296","R100195","OPERACAO COM BAP/BOP 2"
"297","P500110","OPERACAO COM BAP/BOP 2"
"298","C100010","OPERACAO COM BAP/BOP 2"
"299","P500120","OPERACAO COM BAP/BOP 3"
"300","C100020","OPERACAO COM BAP/BOP 3"
"301","R100196","OPERACAO COM BAP/BOP 3"
"302","P500130","OPERACAO COM BAP/BOP 4"
"303","R100197","OPERACAO COM BAP/BOP 4"
"304","P500140","OPERACAO COM BAP/BOP 5"
"305","P500150","OPERACAO COM BAP/BOP 6"
"306","P800100","OPERACAO COM BOP/ANMH"
"307","R100720","PERFILAGEM"
"308","P200250","PERFILAGEM 10 5/8"""
"309","P200240","PERFILAGEM 10 5/8"" FINAL"
"310","P200230","PERFILAGEM 10 5/8"" X 12 1/4"""
"311","P200180","PERFILAGEM 12 1/4"""
"312","D01530","PERFILAGEM 12 1/4"""
"313","P200210","PERFILAGEM 12 1/4"" FINAL"
"314","D01536","PERFILAGEM 12 1/4"" FINAL"
"315","P200200","PERFILAGEM 12 1/4"" INTERMEDIARIA"
"316","P200190","PERFILAGEM 12 1/4"" PILOTO"
"317","P200220","PERFILAGEM 12 3/4"""
"318","P200170","PERFILAGEM 14 3/4"""
"319","D01540","PERFILAGEM 14 3/4"""
"320","P200160","PERFILAGEM 14"""
"321","P200140","PERFILAGEM 16 1/2"""
"322","P200145","PERFILAGEM 16 1/2"" FINAL"
"323","P200150","PERFILAGEM 16"""
"324","D01390","PERFILAGEM 16"""
"325","P200130","PERFILAGEM 17 1/2"""
"326","D01320","PERFILAGEM 17 1/2"""
"327","P200135","PERFILAGEM 17 1/2"" FINAL"
"328","P200110","PERFILAGEM 18 1/2"""
"329","P200120","PERFILAGEM 18 1/8"""
"330","P200100","PERFILAGEM 22"""
"331","P200380","PERFILAGEM 5 7/8"""
"332","P200360","PERFILAGEM 6 1/8"""
"333","P200370","PERFILAGEM 6"""
"334","P200320","PERFILAGEM 8 1/2"""
"335","D01630","PERFILAGEM 8 1/2"""
"336","D01634","PERFILAGEM 8 1/2"""
"337","D01634-A","PERFILAGEM 8 1/2"""
"338","P200350","PERFILAGEM 8 1/2"" FINAL"
"339","P200340","PERFILAGEM 8 1/2"" INTERMEDIARIA"
"340","E01600PE","PERFILAGEM 8 1/2"" INTERMEDIARIA"
"341","D01634PI","PERFILAGEM 8 1/2"" INTERMEDIARIA"
"342","P200320PI","PERFILAGEM 8 1/2"" INTERMEDIARIA"
"343","P200330","PERFILAGEM 8 1/2"" PILOTO"
"344","P200300","PERFILAGEM 8 3/4"""
"345","P200310","PERFILAGEM 8 3/4"" FINAL"
"346","P200260","PERFILAGEM 9 1/2"""
"347","D01640","PERFILAGEM 9 1/2"""
"348","P200270","PERFILAGEM 9"""
"349","P200290","PERFILAGEM 9"" FINAL"
"350","P200280","PERFILAGEM 9"" INTERMEDIARIA"
"351","A100140","PERFILAGEM DE PRODUCAO"
"352","C200150","PERFILAGEM DE PRODUCAO"
"353","R100740","PERFILAGEM DE PRODUCAO"
"354","P200400","PERFILAGEM DESVIO 12 1/4"""
"355","D01530D","PERFILAGEM DESVIO 12 1/4"""
"356","P200390","PERFILAGEM DESVIO 14 3/4"""
"357","D01540D","PERFILAGEM DESVIO 14 3/4"""
"358","E01511PERFIL","PERFILAGEM INTERMEDIARIA 12 1/4"""
"359","D01510PERFIL","PERFILAGEM INTERMEDIARIA 12 1/4"""
"360","D01635","PERFILAGEM PILOTO 8 1/2"""
"361","R100760","PERFILAGEM PLT"
"362","P100550","PERFURACAO 10 5/8"""
"363","P100540","PERFURACAO 10 5/8"" COM ALARGADOR 12 1/4"""
"364","P200540","PERFURACAO 10 5/8"" X 12 1/4"""
"365","D01520","PERFURACAO 12 1/4"" COM ALARGADOR 14 3/4"""
"366","D01521","PERFURACAO 12 1/4"" COM ALARGADOR 14"""
"367","D01426","PERFURACAO 12 1/4 COM ALARGADOR 16"""
"368","P100470","PERFURACAO 12 1/4"""
"369","D01510","PERFURACAO 12 1/4"""
"370","P01510","PERFURACAO 12 1/4"""
"371","P100440","PERFURACAO 12 1/4"" COM ALARGADOR 14 3/4"""
"372","P100450","PERFURACAO 12 1/4"" COM ALARGADOR 14 3/4"" FINAL"
"373","P100440PF","PERFURACAO 12 1/4"" COM ALARGADOR 14 3/4"" FINAL"
"374","D01520PF","PERFURACAO 12 1/4"" COM ALARGADOR 14 3/4"" FINAL"
"375","P100460","PERFURACAO 12 1/4"" COM ALARGADOR 14"""
"376","P100430","PERFURACAO 12 1/4"" COM ALARGADOR 16"""
"377","P100400","PERFURACAO 12 1/4"" COM ALARGADOR 17 1/2"""
"378","P100420","PERFURACAO 12 1/4"" COM ALARGADOR 17 1/2"" FINAL"
"379","P100400PF","PERFURACAO 12 1/4"" COM ALARGADOR 17 1/2"" FINAL"
"380","P100410","PERFURACAO 12 1/4"" COM ALARGADOR 17 1/2"" PILOTO"
"381","D01345","PERFURACAO 12 1/4"" COM ALARGADOR 22"""
"382","P100520","PERFURACAO 12 1/4"" COM TESTEMUNHAGEM"
"383","D01511","PERFURACAO 12 1/4"" COM TESTEMUNHAGEM 12 1/4"""
"384","D01510C","PERFURACAO 12 1/4"" CONTINUACAO"
"385","D01510DES","PERFURACAO 12 1/4"" DESVIO"
"386","P100510","PERFURACAO 12 1/4"" FINAL"
"387","P100500","PERFURACAO 12 1/4"" INTERMEDIARIA"
"388","P100480","PERFURACAO 12 1/4"" PILOTO"
"389","D01513","PERFURACAO 12 1/4"" PILOTO"
"390","P100490","PERFURACAO 12 1/4"" PILOTO FINAL"
"391","D01518","PERFURACAO 12 1/4"" PILOTO FINAL"
"392","P100530","PERFURACAO 12 3/4"""
"393","D01503","PERFURACAO 14 1/4"""
"394","P100370","PERFURACAO 14 3/4"""
"395","D01500","PERFURACAO 14 3/4"""
"396","P10037010","PERFURACAO 14 3/4"""
"397","P100357","PERFURACAO 14 3/4"" COM ALARGADOR 16 1/2"""
"398","P100355","PERFURACAO 14 3/4"" COM ALARGADOR 16"""
"399","P100360","PERFURACAO 14 3/4"" COM ALARGADOR 17 1/2"""
"400","D01365","PERFURACAO 14 3/4"" COM ALARGADOR 17 1/2"""
"401","E01365","PERFURACAO 14 3/4"" COM ALARGADOR 17 1/2"""
"402","D01400","PERFURACAO 14 3/4"" COM ALARGADOR 17 1/2"""
"403","P100390","PERFURACAO 14 3/4"" FINAL"
"404","D01533","PERFURACAO 14 3/4"" FINAL"
"405","P100380","PERFURACAO 14 3/4"" PILOTO"
"406","D01505","PERFURACAO 14 3/4"" PILOTO"
"407","P100330","PERFURACAO 16 1/2"""
"408","P100315","PERFURACAO 16 1/2"" COM ALARGADOR 18"""
"409","P100320","PERFURACAO 16 1/2"" COM ALARGADOR 20"""
"410","P100335","PERFURACAO 16 1/2"" FINAL"
"411","P100340","PERFURACAO 16"""
"412","D01380","PERFURACAO 16"""
"413","E01349","PERFURACAO 16"" COM ALARGADOR 17 1/2"""
"414","P100345","PERFURACAO 16"" COM ALARGADOR 17 1/2"""
"415","P100350","PERFURACAO 16"" FINAL"
"416","D01392","PERFURACAO 16"" FINAL"
"417","P100300","PERFURACAO 17 1/2"""
"418","D01300","PERFURACAO 17 1/2"""
"419","P100300REC","PERFURACAO 17 1/2"""
"420","D01310","PERFURACAO 17 1/2"""
"421","P100225","PERFURACAO 17 1/2"" COM ALARGADOR 19 1/2"""
"422","P100230","PERFURACAO 17 1/2"" COM ALARGADOR 20"""
"423","P100270","PERFURACAO 17 1/2"" COM ALARGADOR 22"""
"424","D01315","PERFURACAO 17 1/2"" COM ALARGADOR 22"""
"425","P100240","PERFURACAO 17 1/2"" COM ALARGADOR 24"""
"426","E01301","PERFURACAO 17 1/2"" continuacao"
"427","P100310","PERFURACAO 17 1/2"" FINAL"
"428","P100300PF","PERFURACAO 17 1/2"" FINAL"
"429","P100280","PERFURACAO 18 1/2"""
"430","P100250","PERFURACAO 18 1/2"" COM ALARGADOR 22"""
"431","P100290","PERFURACAO 18 1/8"""
"432","P100260","PERFURACAO 18 1/8"" COM ALARGADOR 22"""
"433","P100220","PERFURACAO 20"""
"434","D01220","PERFURACAO 20"""
"435","P100218","PERFURACAO 22"""
"436","P100215","PERFURACAO 24"""
"437","P100210","PERFURACAO 26"""
"438","P100190","PERFURACAO 26"" COM ALARGADOR 28"""
"439","P100180","PERFURACAO 26"" COM ALARGADOR 30"""
"440","D01131","PERFURACAO 26"" COM ALARGADOR 31"""
"441","P100160","PERFURACAO 26"" COM ALARGADOR 34"""
"442","P100150","PERFURACAO 26"" COM ALARGADOR 36"""
"443","D01130","PERFURACAO 26"" COM ALARGADOR 36"""
"444","P100130","PERFURACAO 26"" COM ALARGADOR 42"""
"445","P100200","PERFURACAO 28"""
"446","P100120","PERFURACAO 28"" COM ALARGADOR 42"""
"447","P100170","PERFURACAO 30"""
"448","P100140","PERFURACAO 36"""
"449","P100110","PERFURACAO 36"" COM ALARGADOR 42"""
"450","D01120","PERFURACAO 36""/REV 30"""
"451","D01126","PERFURACAO 36""/REV 30"""
"452","P100100","PERFURACAO 42"""
"453","E01104","PERFURACAO 42""/REV 36"""
"454","P100800","PERFURACAO 5 7/8"""
"455","P100780","PERFURACAO 6 1/8"""
"456","P100708","PERFURACAO 6 1/8"""
"457","P100790","PERFURACAO 6"""
"458","P100700","PERFURACAO 8 1/2"""
"459","D01600","PERFURACAO 8 1/2"""
"460","D01600-A","PERFURACAO 8 1/2"""
"461","D01670","PERFURACAO 8 1/2"""
"462","P01600","PERFURACAO 8 1/2"""
"463","P100660","PERFURACAO 8 1/2"" COM ALARGADOR 12 1/4"""
"464","P100680","PERFURACAO 8 1/2"" COM ALARGADOR 9 1/2"""
"465","D01603","PERFURACAO 8 1/2"" COM ALARGADOR 9 1/2"""
"466","P100675","PERFURACAO 8 1/2"" COM ALARGADOR 9 1/2"" PILOTO"
"467","P100670","PERFURACAO 8 1/2"" COM ALARGADOR 9 7/8"""
"468","P100690","PERFURACAO 8 1/2"" COM ALARGADOR 9"""
"469","D01602","PERFURACAO 8 1/2"" COM ALARGADOR 9"""
"470","P100760","PERFURACAO 8 1/2"" COM TESTEMUNHAGEM"
"471","P100750","PERFURACAO 8 1/2"" FINAL"
"472","P100700PF","PERFURACAO 8 1/2"" FINAL"
"473","D01600PF","PERFURACAO 8 1/2"" FINAL"
"474","P100730","PERFURACAO 8 1/2"" HORIZONTAL"
"475","D01600H","PERFURACAO 8 1/2"" HORIZONTAL"
"476","P100740","PERFURACAO 8 1/2"" INTERMEDIARIA"
"477","P100700PI","PERFURACAO 8 1/2"" INTERMEDIARIA"
"478","P100710","PERFURACAO 8 1/2"" PILOTO"
"479","P100770","PERFURACAO 8 1/2"" PILOTO COM TESTEMUNHAGEM"
"480","P100720","PERFURACAO 8 1/2"" PILOTO FINAL"
"481","P100630","PERFURACAO 8 3/4"""
"482","P100620","PERFURACAO 8 3/4"" COM ALARGADOR 12 1/4"""
"483","P100650","PERFURACAO 8 3/4"" FINAL"
"484","P100640","PERFURACAO 8 3/4"" INTERMEDIARIA"
"485","P100635","PERFURACAO 8 3/4"" PILOTO"
"486","P100580","PERFURACAO 9 1/2"""
"487","D01620","PERFURACAO 9 1/2"""
"488","D01610","PERFURACAO 9 1/2"""
"489","P100570","PERFURACAO 9 1/2"" COM ALARGADOR 10 5/8"""
"490","P100565","PERFURACAO 9 1/2"" COM ALARGADOR 11 3/4"""
"491","P100560","PERFURACAO 9 1/2"" COM ALARGADOR 12 1/4"""
"492","D01627","PERFURACAO 9 1/2"" COM ALARGADOR 12 1/4"""
"493","P100590","PERFURACAO 9 1/2"" HORIZONTAL"
"494","D01622","PERFURACAO 9 1/2"" HORIZONTAL"
"495","P100600","PERFURACAO 9"""
"496","P100618","PERFURACAO 9"" COM TESTEMUNHAGEM 8 1/2"""
"497","P100615","PERFURACAO 9"" FINAL"
"498","P100610","PERFURACAO 9"" INTERMEDIARIA"
"499","P100860","PERFURACAO DESVIO 12 1/4"""
"500","D01510D","PERFURACAO DESVIO 12 1/4"""
"501","D01510D20","PERFURACAO DESVIO 12 1/4"""
"502","P100470D","PERFURACAO DESVIO 12 1/4"""
"503","D01510D10","PERFURACAO DESVIO 12 1/4"" A"
"504","P100850","PERFURACAO DESVIO 12 1/4"" COM ALARGADOR 14 3/4"""
"505","D01520D","PERFURACAO DESVIO 12 1/4"" COM ALARGADOR 14 3/4"""
"506","P100865","PERFURACAO DESVIO 12 1/4"" FINAL"
"507","D01515D","PERFURACAO DESVIO 12 1/4"" FINAL"
"508","P100840","PERFURACAO DESVIO 14 3/4"""
"509","D01500D","PERFURACAO DESVIO 14 3/4"""
"510","P100830","PERFURACAO DESVIO 14 3/4"" COM ALARGADOR 17 1/2"""
"511","P100825","PERFURACAO DESVIO 16 1/2"""
"512","P100820","PERFURACAO DESVIO 16"""
"513","P100810","PERFURACAO DESVIO 17 1/2"""
"514","P100300D","PERFURACAO DESVIO 17 1/2"""
"515","P100211","PERFURACAO DESVIO 26"""
"516","P100890","PERFURACAO DESVIO 8 1/2"""
"517","P100870","PERFURACAO DESVIO 9 1/2"""
"518","D01525D","PERFURACAO DESVIO 9 1/2"""
"519","P100880","PERFURACAO DESVIO 9 1/2"" COM ALARGADOR 11 3/4"""
"520","D01535","PERFURACAO FINAL 12 1/4"""
"521","P100470PI","PERFURACAO INTERMEDIARIA 12 1/4"""
"522","P100470PI B","PERFURACAO INTERMEDIARIA 12 1/4"""
"523","P100470PI A","PERFURACAO INTERMEDIARIA 12 1/4"""
"524","D01605","PERFURACAO PILOTO 8 1/2"""
"525","D01601","PERFURACAO PILOTO 8 1/2"" COM TESTEMUNHAGEM"
"526","D01605PF10","PERFURACAO PILOTO 8 1/2"" FINAL"
"527","S100000","POCO A DEFINIR - DESENVOLVIMENTO"
"528","S100200","POCO A DEFINIR - DP - AVALIACAO"
"529","S100300","POCO A DEFINIR - DP - COMPLETACAO"
"530","S100100","POCO A DEFINIR - DP - PERFURACAO"
"531","S200200","POCO A DEFINIR - EXP - AVALIACAO"
"532","S200300","POCO A DEFINIR - EXP - COMPLETACAO"
"533","S200100","POCO A DEFINIR - EXP - PERFURACAO"
"534","S200000","POCO A DEFINIR - EXPLORATORIO"
"535","R100970","PREVENCAO DE HIDRATO"
"536","R100960","QUEBRA DE HIDRATO"
"537","C100090","RECANHONEIO"
"538","R100700","RECANHONEIO"
"539","D200000","RECEBIMENTO DA SONDA E LICENC. AMBIENTAL"
"540","R100180","RECOMPLETACAO"
"541","REC01050","RECOMPLETACAO - DESEQUIPAR"
"542","REC01060","RECOMPLETACAO - RE-EQUIPAR"
"543","REC01600","RECOMPLETACAO FINAL (DESCIDA DA BAP+DESCIDA DA COP+TH+ANM+TREE CAP)"
"544","R01080","RECUPERACAO DE EQUIPAMENTOS"
"545","R101360","RECUPERACAO DO PACKER DE ABANDONO"
"546","A100410","REENTRADA"
"547","R100000","REENTRADA"
"548","R100010","REENTRADA"
"549","P300710","REENTRADA NO POCO"
"550","C100040","REENTRADA NO POCO"
"551","D03250","REEQUIPAR"
"552","C200100","REGISTRO DE PRESSAO"
"553","R100780","REGISTRO DE PRESSAO"
"554","C200102","REGISTRO DE PRESSAO ALTO DESEMPENHO"
"555","R100782","REGISTRO DE PRESSAO ALTO DESEMPENHO"
"556","R100781","REGISTRO DE PRESSAO CONVENCIONAL"
"557","C200101","REGISTRO DE PRESSAO CONVENCIONAL"
"558","R100980","REMOCAO DA INCRUSTACAO"
"559","R100400","REPARO DA BAP"
"560","C200010","REPARO DA COP"
"561","R100940","REPARO DE DHSV"
"562","O100020","REPARO DO MOBO"
"563","R101160","REPARO NA VGL"
"564","SER0011","REPARO NO MOBO"
"565","R100360","REPARO NO TH"
"566","R100160","RESTABELECIMENTO DA COP"
"567","R100040","RESTAURACAO PROBABILISTICA"
"568","R100115","RETIRADA BRV"
"569","R100280","RETIRADA DA ANC"
"570","R100220","RETIRADA DA ANM"
"571","R100440","RETIRADA DA BAP"
"572","R100500","RETIRADA DA BCS"
"573","R100480","RETIRADA DA BCSS"
"574","R101220","RETIRADA DA CA"
"575","R101200","RETIRADA DA CAUDA"
"576","R100120","RETIRADA DA COP"
"577","R100320","RETIRADA DA TREE CAP"
"578","R100380","RETIRADA DA TRT"
"579","R100472","RETIRADA DE BARREIRAS MECANICAS"
"580","R100093","RETIRADA DE BARREIRAS MECANICAS"
"581","R100198","RETIRADA DE BOP"
"582","C100205","RETIRADA DE CATS"
"583","A100310","RETIRADA DE COLUNA COM DST"
"584","C100931","RETIRADA DE COLUNA COM DST"
"585","R100090","RETIRADA DE PLUG"
"586","D03310","RETIRADA DE PLUG"
"587","R100095","RETIRADA DE PLUG 2"
"588","D03070","RETIRADA DO BOP"
"589","D01541","RETIRADA DO BOP"
"590","P300340","REV/CIM 10 3/4"""
"591","D01560","REV/CIM 10 3/4"""
"592","D01559","REV/CIM 10 3/4"""
"593","P300370","REV/CIM 10 3/4"" E 9 5/8"""
"594","D01570","REV/CIM 10 3/4"" E 9 5/8"""
"595","P300360","REV/CIM 10 3/4"" E 9 7/8"""
"596","P300400","REV/CIM 10 3/4"" E LINER 7"""
"597","P300395","REV/CIM 10 3/4"" E LINER 9 5/8"""
"598","P300390","REV/CIM 10 3/4"" E LINER 9 7/8"""
"599","P300350","REV/CIM 10 3/4"" 9 7/8"" E 9 5/8"""
"600","P300300","REV/CIM 11 3/4"""
"601","D01557","REV/CIM 11 3/4"""
"602","P300320","REV/CIM 11 3/4"" E 13 3/8"""
"603","P300310","REV/CIM 11 3/4"" E 13 5/8"""
"604","P300290","REV/CIM 11 7/8"""
"605","P300292","REV/CIM 11 7/8"" E 9 7/8"""
"606","P300270","REV/CIM 13 3/8"""
"607","D01410","REV/CIM 13 3/8"""
"608","P300250","REV/CIM 13 5/8"""
"609","D01405","REV/CIM 13 5/8"""
"610","P300265","REV/CIM 13 5/8"" E 10 3/4"""
"611","P300260","REV/CIM 13 5/8"" E 13 3/8"""
"612","P300210","REV/CIM 14"""
"613","P300225","REV/CIM 14"" + TIE BACK 13 5/8"""
"614","P300230","REV/CIM 14"" E 13 3/8"""
"615","P300220","REV/CIM 14"" E 13 5/8"""
"616","P300240","REV/CIM 14"" 13 5/8"" E 13 3/8"""
"617","D01413","REV/CIM 14"" 13 5/8"" E 13 3/8"""
"618","P300200","REV/CIM 16"""
"619","D01370","REV/CIM 16"""
"620","P300170","REV/CIM 18"""
"621","P300150","REV/CIM 20"""
"622","D01240","REV/CIM 20"""
"623","P300160","REV/CIM 20"" E 16"""
"624","D01241","REV/CIM 20"" E 16"""
"625","P300155","REV/CIM 20"" E 18"""
"626","P300140","REV/CIM 22"""
"627","P300145","REV/CIM 22"" E 20"""
"628","P300130","REV/CIM 28"""
"629","P300120","REV/CIM 30"""
"630","D01140","REV/CIM 30"""
"631","P300100","REV/CIM 36"""
"632","P300520","REV/CIM 5 1/2"""
"633","P300530","REV/CIM 5"""
"634","P300480","REV/CIM 7"""
"635","P300430","REV/CIM 9 5/8"""
"636","D01550","REV/CIM 9 5/8"""
"637","D01552","REV/CIM 9 5/8"" + TIE BACK"
"638","P300435","REV/CIM 9 5/8"" FINAL"
"639","P300420","REV/CIM 9 7/8"""
"640","P300425","REV/CIM 9 7/8"" + TIE BACK"
"641","P300410","REV/CIM 9 7/8"" E 9 5/8"""
"642","D01568","REV/CIM 9 7/8"" E 9 5/8"""
"643","P300415","REV/CIM 9 7/8"" E 9 5/8"" + TIE BACK"
"644","P300630","REV/CIM DESVIO 10 3/4"""
"645","D01560D","REV/CIM DESVIO 10 3/4"""
"646","P300620","REV/CIM DESVIO 10 3/4"" E 9 5/8"""
"647","D01553D","REV/CIM DESVIO 10 3/4"" E 9 5/8"""
"648","P300570","REV/CIM DESVIO 13 3/8"""
"649","P300580","REV/CIM DESVIO 13 3/8"" E 10 3/4"""
"650","P300560","REV/CIM DESVIO 13 5/8"""
"651","D01416D","REV/CIM DESVIO 13 5/8"""
"652","P300590","REV/CIM DESVIO 13 5/8"" E 10 3/4"""
"653","P300550","REV/CIM DESVIO 14"" E 10 3/4"""
"654","P300650","REV/CIM DESVIO 9 5/8"""
"655","D01550D","REV/CIM DESVIO 9 5/8"""
"656","P300430D","REV/CIM DESVIO 9 5/8"""
"657","P300640","REV/CIM DESVIO LINER 10 3/4"""
"658","D01547D","REV/CIM DESVIO LINER 10 3/4"""
"659","P300610","REV/CIM DESVIO LINER 13 3/8"""
"660","D01545D","REV/CIM DESVIO LINER 13 3/8"""
"661","P300600","REV/CIM DESVIO LINER 13 5/8"" E 10 3/4"""
"662","D01571D","REV/CIM DESVIO LINER 13 5/8"" E 10 3/4"""
"663","P300660","REV/CIM DESVIO LINER 9 5/8"""
"664","D01551D","REV/CIM DESVIO LINER 9 5/8"""
"665","D01569D","REV/CIM DESVIO LINER 9 5/8"""
"666","P300380","REV/CIM LINER 10 3/4"""
"667","P300381","REV/CIM LINER 10 3/4"" + TIE BACK"
"668","P300375","REV/CIM LINER 10 3/4"" E 9 5/8"" + TIE BACK"
"669","P300330","REV/CIM LINER 11 3/4"""
"670","D01555","REV/CIM LINER 11 3/4"""
"671","P300295","REV/CIM LINER 11 7/8"""
"672","P300280","REV/CIM LINER 13 3/8"""
"673","P300255","REV/CIM LINER 13 5/8"""
"674","P300190","REV/CIM LINER 16"""
"675","D01321","REV/CIM LINER 16"""
"676","P300180","REV/CIM LINER 18"""
"677","P300540","REV/CIM LINER 5 1/2"""
"678","P300535","REV/CIM LINER 5"""
"679","P300490","REV/CIM LINER 7 5/8"""
"680","P300510","REV/CIM LINER 7"""
"681","S300140","REV/CIM LINER 7"""
"682","D01650","REV/CIM LINER 7"""
"683","D01660","REV/CIM LINER 7"""
"684","P300500","REV/CIM LINER 7"" PILOTO"
"685","P300470","REV/CIM LINER 9 5/8"""
"686","D01567","REV/CIM LINER 9 5/8"""
"687","P300440","REV/CIM LINER 9 5/8"" + TIE BACK"
"688","P300445","REV/CIM LINER 9 5/8"" + TIE BACK 10 3/4"""
"689","P300460","REV/CIM LINER 9 7/8"""
"690","P300465","REV/CIM LINER 9 7/8"" + TIE BACK"
"691","P300467","REV/CIM LINER 9 7/8"" + TIE BACK 10 3/4"""
"692","P300450","REV/CIM LINER 9 7/8"" E 9 5/8"""
"693","P300455","REV/CIM LINER 9 7/8"" E 9 5/8"" + TIE BACK 10 3/4"""
"694","D01648","REV/CIM PILOTO LINER 8 1/2"""
"695","R101430","TAMPAO DE CIMENTO"
"696","E01755","TCIM E ABANDONO"
"697","C200060","TESTE DE FORMACAO COM VALVULA DE FECHAMENTO DE FUNDO"
"698","R100860","TESTE DE FORMACAO COM VALVULA DE FECHAMENTO DE FUNDO"
"699","C200070","TESTE DE FORMACAO COM VALVULA DE FECHAMENTO DE FUNDO 2"
"700","C200090","TESTE DE INJETIVIDADE"
"701","R100840","TESTE DE INJETIVIDADE"
"702","C200095","TESTE DE INJETIVIDADE 2"
"703","C200091","TESTE DE INJETIVIDADE COM DST CONVENCIONAL"
"704","R100841","TESTE DE INJETIVIDADE COM DST CONVENCIONAL"
"705","C200096","TESTE DE INJETIVIDADE COM DST CONVENCIONAL 2"
"706","C200092","TESTE DE INJETIVIDADE COM DST DE ALTO DESEMPENHO"
"707","R100842","TESTE DE INJETIVIDADE COM DST DE ALTO DESEMPENHO"
"708","C200097","TESTE DE INJETIVIDADE COM DST DE ALTO DESEMPENHO 2"
"709","C200093","TESTE DE INJETIVIDADE COM DST LARGE BORE"
"710","R100843","TESTE DE INJETIVIDADE COM DST LARGE BORE"
"711","C200098","TESTE DE INJETIVIDADE COM DST LARGE BORE 2"
"712","C200094","TESTE DE INJETIVIDADE SEM DST"
"713","R100844","TESTE DE INJETIVIDADE SEM DST"
"714","C200099","TESTE DE INJETIVIDADE SEM DST 2"
"715","C200080","TESTE DE PRODUCAO"
"716","R100820","TESTE DE PRODUCAO"
"717","A200000","TESTE DST"
"718","C100900","TESTE DST"
"719","D01608","TESTEMUNHAGEM"
"720","P300680","TESTEMUNHAGEM 12 1/4"""
"721","D01515","TESTEMUNHAGEM 12 1/4"""
"722","P300685","TESTEMUNHAGEM 12 1/4"" FINAL"
"723","P300670","TESTEMUNHAGEM 14 3/4"""
"724","D01522","TESTEMUNHAGEM 14 3/4"""
"725","P300690","TESTEMUNHAGEM 8 1/2"""
"726","P300700","TESTEMUNHAGEM 8 1/2"" PILOTO"
"727","D01645","TESTEMUNHAGEM PILOTO 8 1/2"""
"728","A300500","TFR NA 2A ZONA"
"729","A300510","TFR NA 3A ZONA"
"730","R101080","TRATAMENTO QUIMICO"
"731","C300010","TREE CAP"
"732","D03910","TREE CAP"
"733","R100260","TROCA DA ANC"
"734","R100200","TROCA DA ANM"
"735","R100200C","TROCA DA ANM (DESCER)"
"736","R100420","TROCA DA BAP"
"737","R100420A","TROCA DA BAP - CONTINUACAO"
"738","R100560","TROCA DA BCS"
"739","R100540","TROCA DA BCS PROBABILISTICA"
"740","R100580","TROCA DA BCS PROBABILISTICA"
"741","R100520","TROCA DA BCSS"
"742","R100521","TROCA DA BCSS DO MOBO"
"743","R100070","TROCA DA COP"
"744","R100060","TROCA DA COP"
"745","R101180","TROCA DA VGL"
"746","R100340C","TROCA DA VGL - CONTINUACAO"
"747","R100080","TROCA DE ACESSORIOS DA COP"
"748","R100920","TROCA DE DHSV"
"749","R101240","TROCA DE GRAVEL"
"750","O100080","TROCA DE MODULOS DE VALVULAS"
"751","R101000","TROCA DE SLIDING SLEEVES"
"752","P400100","TUBULAO 20"""
"753","R100030","WORKOVER SEM ESCOPO"
"754","LOG_M200050","LOGÍSTICA_ABANDONO"
"755","LOG_C400020","LOGÍSTICA_ABANDONO"
"756","LOG_C400030","LOGÍSTICA_ABANDONO"
"757","LOG_S400020","LOGÍSTICA_ABANDONO"
"758","LOG_C300020","LOGÍSTICA_ABANDONO"
"759","LOG_D03990","LOGÍSTICA_ABANDONO"
"760","LOG_D01020","LOGÍSTICA_ABANDONO"
"761","LOG_D03900","LOGÍSTICA_ABANDONO"
"762","LOG_E01060","LOGÍSTICA_ABANDONO"
"763","LOG_R101400","LOGÍSTICA_ABANDONO DEFINITIVO"
"764","LOG_R1014001010","LOGÍSTICA_ABANDONO DEFINITIVO"
"765","LOG_R02970","LOGÍSTICA_ABANDONO DEFINITIVO (CONTINUACAO)"
"766","LOG_R02960","LOGÍSTICA_ABANDONO DEFINITIVO (INTERROMPIDO)"
"767","LOG_R101401","LOGÍSTICA_ABANDONO DEFINITIVO 2"
"768","LOG_R101405","LOGÍSTICA_ABANDONO DEFINITIVO PROBABILISTICO"
"769","LOG_R101403","LOGÍSTICA_ABANDONO DEFINITIVO SEM ESCOPO"
"770","LOG_P700100","LOGÍSTICA_ABANDONO DO PILOTO"
"771","LOG_D01549","LOGÍSTICA_ABANDONO DO PILOTO"
"772","LOG_P01549","LOGÍSTICA_ABANDONO DO PILOTO"
"773","LOG_D01548","LOGÍSTICA_ABANDONO DO PILOTO / CONDICIONAMENTO E ABANDONO DO PILOTO"
"774","LOG_A100540","LOGÍSTICA_ABANDONO ENTRE ZONAS"
"775","LOG_R101440","LOGÍSTICA_ABANDONO PROVISORIO"
"776","LOG_R101460","LOGÍSTICA_ABANDONO PROVISORIO 2"
"777","LOG_M200000","LOGÍSTICA_ABANDONO TEMPORARIO"
"778","LOG_C400000","LOGÍSTICA_ABANDONO TEMPORARIO"
"779","LOG_R01040","LOGÍSTICA_ABANDONO TEMPORARIO"
"780","LOG_D03980","LOGÍSTICA_ABANDONO TEMPORARIO"
"781","LOG_R1014001015","LOGÍSTICA_ABANDONO TEMPORARIO"
"782","LOG_R02950","LOGÍSTICA_ABANDONO TEMPORARIO"
"783","LOG_SER0016","LOGÍSTICA_ABANDONO TEMPORARIO"
"784","LOG_M200010","LOGÍSTICA_ABANDONO TEMPORARIO 2"
"785","LOG_C400010","LOGÍSTICA_ABANDONO TEMPORARIO 2"
"786","LOG_D03981","LOGÍSTICA_ABANDONO TEMPORARIO 2"
"787","LOG_SER0017","LOGÍSTICA_ABANDONO TEMPORARIO 2"
"788","LOG_M200020","LOGÍSTICA_ABANDONO TEMPORARIO 3"
"789","LOG_C400011","LOGÍSTICA_ABANDONO TEMPORARIO 3"
"790","LOG_M200030","LOGÍSTICA_ABANDONO TEMPORARIO 4"
"791","LOG_M200040","LOGÍSTICA_ABANDONO TEMPORARIO 5"
"792","LOG_R100390","LOGÍSTICA_ABERTURA DA VHIF"
"793","LOG_R101010","LOGÍSTICA_ABERTURA DE SLIDING SLEEVES"
"794","LOG_R100395","LOGÍSTICA_ABERTURA DE VALVULA DE FUNDO COM CABO ELETRICO"
"795","LOG_A100530","LOGÍSTICA_ACIDIFICACAO"
"796","LOG_R101020","LOGÍSTICA_ACIDIFICACAO"
"797","LOG_R101060","LOGÍSTICA_ACIDIFICACAO BULLHEAD"
"798","LOG_R101040","LOGÍSTICA_ACIDIFICACAO COM FLEXITUBO"
"799","LOG_C200110","LOGÍSTICA_ACIDIFICACAO DA FORMACAO"
"800","LOG_C200120","LOGÍSTICA_ACIDIFICACAO DA FORMACAO 2"
"801","LOG_D00100","LOGÍSTICA_AGUARDANDO AHTS"
"802","LOG_P700150","LOGÍSTICA_AGUARDANDO OPERACAO COM SESV"
"803","LOG_C100050","LOGÍSTICA_AGUARDANDO OPERACAO COM SESV"
"804","LOG_R101470","LOGÍSTICA_AGUARDANDO OPERACAO COM SESV"
"805","LOG_C001600","LOGÍSTICA_AGUARDANDO SESV DESCER BAP"
"806","LOG_D01507","LOGÍSTICA_ALARGAMENTO 14 3/4"""
"807","LOG_E01507","LOGÍSTICA_ALARGAMENTO 14 3/4"""
"808","LOG_E01325","LOGÍSTICA_ALARGAMENTO 17 1/2"""
"809","LOG_E01529","LOGÍSTICA_ALARGAMENTO DA TESTEMUNHAGEM"
"810","LOG_R100020","LOGÍSTICA_AMORTECER"
"811","LOG_R100021","LOGÍSTICA_AMORTECER"
"812","LOG_R100025","LOGÍSTICA_AMORTECER 2"
"813","LOG_D01514","LOGÍSTICA_AMOSTRAGEM A CABO"
"814","LOG_C200035","LOGÍSTICA_ANC"
"815","LOG_C300000","LOGÍSTICA_ANM"
"816","LOG_C200040","LOGÍSTICA_ANMH"
"817","LOG_C200030","LOGÍSTICA_ANSH"
"818","LOG_O100110","LOGÍSTICA_APOIO A PLATAFORMA"
"819","LOG_O100115","LOGÍSTICA_APOIO A PLSV"
"820","LOG_O100215","LOGÍSTICA_APOIO A SONDA"
"821","LOG_A100000","LOGÍSTICA_AVALIACAO EXPLORATORIA"
"822","LOG_A100010","LOGÍSTICA_AVALIACAO EXPLORATORIA 2"
"823","LOG_A100020","LOGÍSTICA_AVALIACAO EXPLORATORIA 3"
"824","LOG_A100030","LOGÍSTICA_AVALIACAO EXPLORATORIA COM CAUDA INFERIOR"
"825","LOG_R100075","LOGÍSTICA_AVALIACAO/CORRECAO DA CIMENTACAO"
"826","LOG_P300770","LOGÍSTICA_BASE TORPEDO 30"""
"827","LOG_D01122","LOGÍSTICA_BASE TORPEDO 30"""
"828","LOG_P300775","LOGÍSTICA_BASE TORPEDO 36"""
"829","LOG_A100440","LOGÍSTICA_CANHONEIO"
"830","LOG_R100640","LOGÍSTICA_CANHONEIO A CABO"
"831","LOG_R100660","LOGÍSTICA_CANHONEIO A CABO THRU TUBING"
"832","LOG_R100685","LOGÍSTICA_CANHONEIO FT"
"833","LOG_R100690","LOGÍSTICA_CANHONEIO FT THRU TUBING"
"834","LOG_C100087","LOGÍSTICA_CANHONEIO TCP"
"835","LOG_R100680","LOGÍSTICA_CANHONEIO TCP"
"836","LOG_A100470","LOGÍSTICA_CAUDA INTERMEDIARIA"
"837","LOG_C100130","LOGÍSTICA_CAUDA INTERMEDIARIA"
"838","LOG_R101230","LOGÍSTICA_CHECAGEM DE FUNDO"
"839","LOG_O100140","LOGÍSTICA_CHECAGEM DO TOPO DO TAMPAO DE SUPERFICIE"
"840","LOG_O100141","LOGÍSTICA_CHECAGEM DO TOPO DO TAMPAO DE SUPERFICIE"
"841","LOG_O100142","LOGÍSTICA_CHECAGEM DO TOPO DO TAMPAO DE SUPERFICIE"
"842","LOG_O100143","LOGÍSTICA_CHECAGEM DO TOPO DO TAMPAO DE SUPERFICIE"
"843","LOG_O100144","LOGÍSTICA_CHECAGEM DO TOPO DO TAMPAO DE SUPERFICIE"
"844","LOG_O100145","LOGÍSTICA_CHECAGEM DO TOPO DO TAMPAO DE SUPERFICIE"
"845","LOG_D03304","LOGÍSTICA_COMISSIONAMENTO DA LINHA DE PRODUCAO"
"846","LOG_A100430","LOGÍSTICA_COMPLETACAO INFERIOR"
"847","LOG_C100100","LOGÍSTICA_COMPLETACAO INFERIOR"
"848","LOG_D01655","LOGÍSTICA_CONDICIONAMENTO"
"849","LOG_P700120","LOGÍSTICA_CONDICIONAMENTO DO POCO"
"850","LOG_P700110","LOGÍSTICA_CONDICIONAMENTO E ABANDONO DO PILOTO"
"851","LOG_O100040","LOGÍSTICA_CONSTRUCAO E MONTAGEM"
"852","LOG_A100420","LOGÍSTICA_CONTENCAO DE AREIA"
"853","LOG_C100060","LOGÍSTICA_CONTENCAO DE AREIA"
"854","LOG_C100080","LOGÍSTICA_CONTENCAO DE AREIA ATE BCS"
"855","LOG_C100085","LOGÍSTICA_CONTENCAO DE AREIA FINAL"
"856","LOG_C100070","LOGÍSTICA_CONTENCAO DE AREIA PILOTO"
"857","LOG_E01998","LOGÍSTICA_CONTINGENCIA"
"858","LOG_C400015","LOGÍSTICA_CONTINGENCIA CPM - COMP"
"859","LOG_P700140","LOGÍSTICA_CONTINGENCIA CPM - PERF"
"860","LOG_D100010","LOGÍSTICA_CONTINGENCIA DA DOCAGEM"
"861","LOG_D200010","LOGÍSTICA_CONTINGENCIA RECEBIMENTO DA SONDA"
"862","LOG_C200000","LOGÍSTICA_COP - TH"
"863","LOG_C200001","LOGÍSTICA_COP - TH (CONTINUACAO)"
"864","LOG_P300780","LOGÍSTICA_CRAVAMENTO CONDUTOR 30"""
"865","LOG_D01123","LOGÍSTICA_CRAVAMENTO CONDUTOR 30"""
"866","LOG_P300790","LOGÍSTICA_CRAVAMENTO CONDUTOR 36"""
"867","LOG_P300740","LOGÍSTICA_CRAVAMENTO CONDUTOR 42"""
"868","LOG_E01450","LOGÍSTICA_DESCIDA BOP"
"869","LOG_D01590","LOGÍSTICA_DESCIDA DA ANMH"
"870","LOG_D01450","LOGÍSTICA_DESCIDA DA BAP"
"871","LOG_D01680","LOGÍSTICA_DESCIDA DA BAP"
"872","LOG_D03150","LOGÍSTICA_DESCIDA DA BAP"
"873","LOG_D01580D10","LOGÍSTICA_DESCIDA DA BAP"
"874","LOG_P600160","LOGÍSTICA_DESCIDA DA BAP DT"
"875","LOG_D01580","LOGÍSTICA_DESCIDA DA BAP/BOP"
"876","LOG_D01290","LOGÍSTICA_DESCIDA DA BAP/BOP"
"877","LOG_D01580D","LOGÍSTICA_DESCIDA DA BAP/BOP"
"878","LOG_D03000","LOGÍSTICA_DESCIDA DA BAP/BOP"
"879","LOG_D01460","LOGÍSTICA_DESCIDA DA BAP/BOP"
"880","LOG_E01606","LOGÍSTICA_DESCIDA DA BAP/BOP"
"881","LOG_E01451","LOGÍSTICA_DESCIDA DA BAP/BOP 2 (REPARO BOP)"
"882","LOG_R100191","LOGÍSTICA_DESCIDA DE BOP"
"883","LOG_C100921","LOGÍSTICA_DESCIDA DE COLUNA COM DST CONVENCIONAL"
"884","LOG_A100210","LOGÍSTICA_DESCIDA DE COLUNA COM DST CONVENCIONAL"
"885","LOG_A100220","LOGÍSTICA_DESCIDA DE COLUNA COM DST DE ALTO DESEMPENHO"
"886","LOG_C100922","LOGÍSTICA_DESCIDA DE COLUNA COM DST DE ALTO DESEMPENHO"
"887","LOG_A100230","LOGÍSTICA_DESCIDA DE COLUNA COM DST LARGE BORE"
"888","LOG_C100923","LOGÍSTICA_DESCIDA DE COLUNA COM DST LARGE BORE"
"889","LOG_C200061","LOGÍSTICA_DESCIDA DE VALVULA DE FECHAMENTO DE FUNDO CONVENCIONAL"
"890","LOG_R100861","LOGÍSTICA_DESCIDA DE VALVULA DE FECHAMENTO DE FUNDO CONVENCIONAL"
"891","LOG_C200071","LOGÍSTICA_DESCIDA DE VALVULA DE FECHAMENTO DE FUNDO CONVENCIONAL 2"
"892","LOG_C200062","LOGÍSTICA_DESCIDA DE VALVULA DE FECHAMENTO DE FUNDO DE ALTO DESEMPENHO"
"893","LOG_R100862","LOGÍSTICA_DESCIDA DE VALVULA DE FECHAMENTO DE FUNDO DE ALTO DESEMPENHO"
"894","LOG_C200072","LOGÍSTICA_DESCIDA DE VALVULA DE FECHAMENTO DE FUNDO DE ALTO DESEMPENHO 2"
"895","LOG_D01280","LOGÍSTICA_DESCIDA DO BOP"
"896","LOG_D01606","LOGÍSTICA_DESCIDA DO BOP"
"897","LOG_E01280","LOGÍSTICA_DESCIDA DO BOP"
"898","LOG_D03080","LOGÍSTICA_DESCIDA DO BOP"
"899","LOG_D01581","LOGÍSTICA_DESCIDA DO BOP"
"900","LOG_D01281","LOGÍSTICA_DESCIDA DO BOP"
"901","LOG_D01280D","LOGÍSTICA_DESCIDA DO BOP"
"902","LOG_E01581","LOGÍSTICA_DESCIDA DO BOP"
"903","LOG_E01281","LOGÍSTICA_DESCIDA DO BOP"
"904","LOG_D01451","LOGÍSTICA_DESCIDA DO BOP"
"905","LOG_R101420","LOGÍSTICA_DESEQUIPAR POCO"
"906","LOG_R100962","LOGÍSTICA_DISSOCIACAO DE HIDRATO 2"
"907","LOG_M100000","LOGÍSTICA_DMM"
"908","LOG_ABD01000","LOGÍSTICA_DMM"
"909","LOG_R01000","LOGÍSTICA_DMM"
"910","LOG_M100010","LOGÍSTICA_DMM 2"
"911","LOG_R01001","LOGÍSTICA_DMM 2"
"912","LOG_SER0100","LOGÍSTICA_DMM 2"
"913","LOG_ABD01005","LOGÍSTICA_DMM 2"
"914","LOG_M100020","LOGÍSTICA_DMM 3"
"915","LOG_M100030","LOGÍSTICA_DMM 4"
"916","LOG_M100040","LOGÍSTICA_DMM 5"
"917","LOG_M100050","LOGÍSTICA_DMM 6"
"918","LOG_M300000","LOGÍSTICA_DMM E ABANDONO"
"919","LOG_D100000","LOGÍSTICA_DOCAGEM DA SONDA"
"920","LOG_S400000","LOGÍSTICA_DURACAO AVALIACAO"
"921","LOG_S500000","LOGÍSTICA_DURACAO COMPLETACAO"
"922","LOG_S500030","LOGÍSTICA_DURACAO COMPLETACAO (ANM + TREE CAP)"
"923","LOG_S500010","LOGÍSTICA_DURACAO COMPLETACAO (ATE TH)"
"924","LOG_S500020","LOGÍSTICA_DURACAO COMPLETACAO SUPERIOR + AVALIACAO"
"925","LOG_S300000","LOGÍSTICA_DURACAO PERFURACAO"
"926","LOG_S300010","LOGÍSTICA_DURACAO PERFURACAO (CONTINUACAO)"
"927","LOG_S300020","LOGÍSTICA_DURACAO PERFURACAO UBD"
"928","LOG_R100900","LOGÍSTICA_ENCAMISAR DHSV"
"929","LOG_D09100","LOGÍSTICA_EQUIPAMENTOS DE COMPLETACAO INFERIOR"
"930","LOG_D01010","LOGÍSTICA_FASE ABANDONADA"
"931","LOG_R101480","LOGÍSTICA_FINAL DA OPERACAO"
"932","LOG_O100130","LOGÍSTICA_FINAL DA OPERACAO"
"933","LOG_C200081","LOGÍSTICA_FLUXOS E ESTATICAS COM PLANTA DE TESTE CONVENCIONAL"
"934","LOG_C100911","LOGÍSTICA_FLUXOS E ESTATICAS COM PLANTA DE TESTE CONVENCIONAL"
"935","LOG_A100110","LOGÍSTICA_FLUXOS E ESTATICAS COM PLANTA DE TESTE CONVENCIONAL"
"936","LOG_R100821","LOGÍSTICA_FLUXOS E ESTATICAS COM PLANTA DE TESTE CONVENCIONAL"
"937","LOG_A100120","LOGÍSTICA_FLUXOS E ESTATICAS COM PLANTA DE TESTE DE ALTO DESEMPENHO"
"938","LOG_C200082","LOGÍSTICA_FLUXOS E ESTATICAS COM PLANTA DE TESTE DE ALTO DESEMPENHO"
"939","LOG_C100912","LOGÍSTICA_FLUXOS E ESTATICAS COM PLANTA DE TESTE DE ALTO DESEMPENHO"
"940","LOG_R100822","LOGÍSTICA_FLUXOS E ESTATICAS COM PLANTA DE TESTE DE ALTO DESEMPENHO"
"941","LOG_A100130","LOGÍSTICA_FLUXOS E ESTATICAS COM PLANTA DE TESTE TOLERANTE A SOLIDOS"
"942","LOG_C100913","LOGÍSTICA_FLUXOS E ESTATICAS COM PLANTA DE TESTE TOLERANTE A SOLIDOS"
"943","LOG_C200083","LOGÍSTICA_FLUXOS E ESTATICAS COM PLANTA DE TESTE TOLERANTE A SOLIDOS"
"944","LOG_R100823","LOGÍSTICA_FLUXOS E ESTATICAS COM PLANTA DE TESTE TOLERANTE A SOLIDOS"
"945","LOG_C200084","LOGÍSTICA_FLUXOS E ESTATICAS SEM PLANTA DE TESTE"
"946","LOG_R100824","LOGÍSTICA_FLUXOS E ESTATICAS SEM PLANTA DE TESTE"
"947","LOG_R101140","LOGÍSTICA_FRAC-PACKING"
"948","LOG_R101120","LOGÍSTICA_FRATURAMENTO"
"949","LOG_A100460","LOGÍSTICA_FRATURAMENTO ACIDO"
"950","LOG_A100520","LOGÍSTICA_FRATURAMENTO ACIDO"
"951","LOG_C100120","LOGÍSTICA_FRATURAMENTO ACIDO"
"952","LOG_A100450","LOGÍSTICA_FRATURAMENTO HIDRAULICO"
"953","LOG_A100510","LOGÍSTICA_FRATURAMENTO HIDRAULICO"
"954","LOG_C100110","LOGÍSTICA_FRATURAMENTO HIDRAULICO"
"955","LOG_R100100","LOGÍSTICA_GABARITAGEM DA COP"
"956","LOG_R100050","LOGÍSTICA_HEAVY WORKOVER PROBABILISTICO"
"957","LOG_R100034","LOGÍSTICA_HEAVY WORKOVER SEM ESCOPO"
"958","LOG_O100090","LOGÍSTICA_ICAMENTO"
"959","LOG_C200050","LOGÍSTICA_INDUCAO DE SURGENCIA"
"960","LOG_R100800","LOGÍSTICA_INDUCAO DE SURGENCIA"
"961","LOG_D03600","LOGÍSTICA_INDUCAO DE SURGENCIA"
"962","LOG_D03450","LOGÍSTICA_INDUCAO DE SURGENCIA"
"963","LOG_C200051","LOGÍSTICA_INDUCAO DE SURGENCIA COM PLANTA DE TESTE CONVENCIONAL"
"964","LOG_R100801","LOGÍSTICA_INDUCAO DE SURGENCIA COM PLANTA DE TESTE CONVENCIONAL"
"965","LOG_C200052","LOGÍSTICA_INDUCAO DE SURGENCIA COM PLANTA DE TESTE DE ALTO DESEMPENHO"
"966","LOG_R100802","LOGÍSTICA_INDUCAO DE SURGENCIA COM PLANTA DE TESTE DE ALTO DESEMPENHO"
"967","LOG_C200053","LOGÍSTICA_INDUCAO DE SURGENCIA COM PLANTA DE TESTE TOLERANTE A SOLIDOS"
"968","LOG_R100803","LOGÍSTICA_INDUCAO DE SURGENCIA COM PLANTA DE TESTE TOLERANTE A SOLIDOS"
"969","LOG_R100804","LOGÍSTICA_INDUCAO DE SURGENCIA SEM PLANTA DE TESTE"
"970","LOG_C200054","LOGÍSTICA_INDUCAO DE SURGENCIA SEM PLANTA DE TESTE"
"971","LOG_R100110","LOGÍSTICA_INSTALACAO BRV"
"972","LOG_R100300","LOGÍSTICA_INSTALACAO DA ANC"
"973","LOG_R100240","LOGÍSTICA_INSTALACAO DA ANM"
"974","LOG_O100010","LOGÍSTICA_INSTALACAO DA BAB"
"975","LOG_R100460","LOGÍSTICA_INSTALACAO DA BAP"
"976","LOG_R100620","LOGÍSTICA_INSTALACAO DA BCS"
"977","LOG_R100600","LOGÍSTICA_INSTALACAO DA BCSS"
"978","LOG_R02711","LOGÍSTICA_INSTALACAO DA BCSS (CONTINUACAO)"
"979","LOG_R101260","LOGÍSTICA_INSTALACAO DA CA (GRAVEL HRWP FRAC)"
"980","LOG_R101280","LOGÍSTICA_INSTALACAO DA CAUDA"
"981","LOG_R100140","LOGÍSTICA_INSTALACAO DA COP"
"982","LOG_O100030","LOGÍSTICA_INSTALACAO DA ESTACA DE ANCORAGEM"
"983","LOG_R100340","LOGÍSTICA_INSTALACAO DA TREE CAP"
"984","LOG_R02890","LOGÍSTICA_INSTALACAO DA TREE CAP"
"985","LOG_R100470","LOGÍSTICA_INSTALACAO DE BARREIRAS MECANICAS"
"986","LOG_R101333","LOGÍSTICA_INSTALACAO DE BARREIRAS MECANICAS"
"987","LOG_O100200","LOGÍSTICA_INSTALACAO DE BASE REASSENTAVEL"
"988","LOG_O100201","LOGÍSTICA_INSTALACAO DE BASE REASSENTAVEL"
"989","LOG_O100202","LOGÍSTICA_INSTALACAO DE BASE REASSENTAVEL"
"990","LOG_O100203","LOGÍSTICA_INSTALACAO DE BASE REASSENTAVEL"
"991","LOG_O100204","LOGÍSTICA_INSTALACAO DE BASE REASSENTAVEL"
"992","LOG_O100205","LOGÍSTICA_INSTALACAO DE BASE REASSENTAVEL"
"993","LOG_O100206","LOGÍSTICA_INSTALACAO DE BASE REASSENTAVEL"
"994","LOG_O100207","LOGÍSTICA_INSTALACAO DE BASE REASSENTAVEL"
"995","LOG_O100208","LOGÍSTICA_INSTALACAO DE BASE REASSENTAVEL"
"996","LOG_O100209","LOGÍSTICA_INSTALACAO DE BASE REASSENTAVEL"
"997","LOG_O100210","LOGÍSTICA_INSTALACAO DE BASE REASSENTAVEL"
"998","LOG_O100211","LOGÍSTICA_INSTALACAO DE BASE REASSENTAVEL"
"999","LOG_O100212","LOGÍSTICA_INSTALACAO DE BASE REASSENTAVEL"
"1000","LOG_O100213","LOGÍSTICA_INSTALACAO DE BASE REASSENTAVEL"
"1001","LOG_O100214","LOGÍSTICA_INSTALACAO DE BASE REASSENTAVEL"
"1002","LOG_R101390","LOGÍSTICA_INSTALACAO DE CATS"
"1003","LOG_A100600","LOGÍSTICA_INSTALACAO DE CATS"
"1004","LOG_A300000","LOGÍSTICA_INSTALACAO DE CATS"
"1005","LOG_C100200","LOGÍSTICA_INSTALACAO DE CATS"
"1006","LOG_O100015","LOGÍSTICA_INSTALACAO DE LDB"
"1007","LOG_C100015","LOGÍSTICA_INSTALACAO DE LDB"
"1008","LOG_P300800","LOGÍSTICA_INSTALACAO DE REGISTRADOR DE PRESSAO"
"1009","LOG_R101300","LOGÍSTICA_INSTALACAO DO BPP/CR A CABO"
"1010","LOG_R101320","LOGÍSTICA_INSTALACAO DO BPP/CR INFLAVEL FLEXITUBO"
"1011","LOG_O100070","LOGÍSTICA_INSTALACAO DO MANIFOLD"
"1012","LOG_O100000","LOGÍSTICA_INSTALACAO DO MOBO"
"1013","LOG_O100000-2","LOGÍSTICA_INSTALACAO DO MOBO PROD O JUB"
"1014","LOG_SER0015","LOGÍSTICA_INSTALACAO DO MOBO PROD O JUB"
"1015","LOG_R101340","LOGÍSTICA_INSTALACAO DO PACKER DE ABANDONO"
"1016","LOG_R101330","LOGÍSTICA_INSTALACAO DO PLUG"
"1017","LOG_R101335","LOGÍSTICA_INSTALACAO DO PLUG 2"
"1018","LOG_O100120","LOGÍSTICA_INSTALACAO DO VASPS"
"1019","LOG_R100910","LOGÍSTICA_INSTALAR DHSV"
"1020","LOG_P700130","LOGÍSTICA_INTERCEPTACAO"
"1021","LOG_R101100","LOGÍSTICA_ISOLAMENTO DE ZONA"
"1022","LOG_J100000","LOGÍSTICA_JANELA DA SONDA"
"1023","LOG_P300760","LOGÍSTICA_JATEAMENTO 30"""
"1024","LOG_P300110","LOGÍSTICA_JATEAMENTO 30""/REV 30"""
"1025","LOG_D01121","LOGÍSTICA_JATEAMENTO 30""/REV 30"""
"1026","LOG_D01124","LOGÍSTICA_JATEAMENTO 30""/REV 30"""
"1027","LOG_P300750","LOGÍSTICA_JATEAMENTO 36"""
"1028","LOG_D01095","LOGÍSTICA_JATEAMENTO 42"""
"1029","LOG_P300730","LOGÍSTICA_JATEAMENTO 42""/TUBULAO 42"""
"1030","LOG_P300720","LOGÍSTICA_JATEAMENTO 46"""
"1031","LOG_O100060","LOGÍSTICA_LANCAMENTO DE MANIFOLD"
"1032","LOG_O100050","LOGÍSTICA_LANCAMENTO DE PLATAFORMA"
"1033","LOG_R100045","LOGÍSTICA_LIGHT WORKOVER PROBABILISTICO"
"1034","LOG_R100032","LOGÍSTICA_LIGHT WORKOVER SEM ESCOPO"
"1035","LOG_R100880","LOGÍSTICA_LIMPEZA DE FUNDO"
"1036","LOG_R100890","LOGÍSTICA_LIMPEZA DE LINHA"
"1037","LOG_R02685","LOGÍSTICA_LIMPEZA FLOWLINE E PREVENCAO DE HIDRATO"
"1038","LOG_R101380","LOGÍSTICA_MANUTENCAO DO MOBO"
"1039","LOG_P900110","LOGÍSTICA_MICROFRATURAMENTO POCO ABERTO"
"1040","LOG_C100150","LOGÍSTICA_MICROFRATURAMENTO POCO ABERTO"
"1041","LOG_P900100","LOGÍSTICA_MICROFRATURAMENTO POCO REVESTIDO"
"1042","LOG_C100140","LOGÍSTICA_MICROFRATURAMENTO POCO REVESTIDO"
"1043","LOG_R101370","LOGÍSTICA_MOBO SEM ESCOPO"
"1044","LOG_DOC0001","LOGÍSTICA_MSI MRL-4"
"1045","LOG_R02980","LOGÍSTICA_MSPI"
"1046","LOG_P500100","LOGÍSTICA_OPERACAO COM BAP/BOP"
"1047","LOG_C100000","LOGÍSTICA_OPERACAO COM BAP/BOP"
"1048","LOG_R100190","LOGÍSTICA_OPERACAO COM BAP/BOP"
"1049","LOG_R100195","LOGÍSTICA_OPERACAO COM BAP/BOP 2"
"1050","LOG_P500110","LOGÍSTICA_OPERACAO COM BAP/BOP 2"
"1051","LOG_C100010","LOGÍSTICA_OPERACAO COM BAP/BOP 2"
"1052","LOG_P500120","LOGÍSTICA_OPERACAO COM BAP/BOP 3"
"1053","LOG_C100020","LOGÍSTICA_OPERACAO COM BAP/BOP 3"
"1054","LOG_R100196","LOGÍSTICA_OPERACAO COM BAP/BOP 3"
"1055","LOG_P500130","LOGÍSTICA_OPERACAO COM BAP/BOP 4"
"1056","LOG_R100197","LOGÍSTICA_OPERACAO COM BAP/BOP 4"
"1057","LOG_P500140","LOGÍSTICA_OPERACAO COM BAP/BOP 5"
"1058","LOG_P500150","LOGÍSTICA_OPERACAO COM BAP/BOP 6"
"1059","LOG_P800100","LOGÍSTICA_OPERACAO COM BOP/ANMH"
"1060","LOG_R100720","LOGÍSTICA_PERFILAGEM"
"1061","LOG_P200250","LOGÍSTICA_PERFILAGEM 10 5/8"""
"1062","LOG_P200240","LOGÍSTICA_PERFILAGEM 10 5/8"" FINAL"
"1063","LOG_P200230","LOGÍSTICA_PERFILAGEM 10 5/8"" X 12 1/4"""
"1064","LOG_P200180","LOGÍSTICA_PERFILAGEM 12 1/4"""
"1065","LOG_D01530","LOGÍSTICA_PERFILAGEM 12 1/4"""
"1066","LOG_P200210","LOGÍSTICA_PERFILAGEM 12 1/4"" FINAL"
"1067","LOG_D01536","LOGÍSTICA_PERFILAGEM 12 1/4"" FINAL"
"1068","LOG_P200200","LOGÍSTICA_PERFILAGEM 12 1/4"" INTERMEDIARIA"
"1069","LOG_P200190","LOGÍSTICA_PERFILAGEM 12 1/4"" PILOTO"
"1070","LOG_P200220","LOGÍSTICA_PERFILAGEM 12 3/4"""
"1071","LOG_P200170","LOGÍSTICA_PERFILAGEM 14 3/4"""
"1072","LOG_D01540","LOGÍSTICA_PERFILAGEM 14 3/4"""
"1073","LOG_P200160","LOGÍSTICA_PERFILAGEM 14"""
"1074","LOG_P200140","LOGÍSTICA_PERFILAGEM 16 1/2"""
"1075","LOG_P200145","LOGÍSTICA_PERFILAGEM 16 1/2"" FINAL"
"1076","LOG_P200150","LOGÍSTICA_PERFILAGEM 16"""
"1077","LOG_D01390","LOGÍSTICA_PERFILAGEM 16"""
"1078","LOG_P200130","LOGÍSTICA_PERFILAGEM 17 1/2"""
"1079","LOG_D01320","LOGÍSTICA_PERFILAGEM 17 1/2"""
"1080","LOG_P200135","LOGÍSTICA_PERFILAGEM 17 1/2"" FINAL"
"1081","LOG_P200110","LOGÍSTICA_PERFILAGEM 18 1/2"""
"1082","LOG_P200120","LOGÍSTICA_PERFILAGEM 18 1/8"""
"1083","LOG_P200100","LOGÍSTICA_PERFILAGEM 22"""
"1084","LOG_P200380","LOGÍSTICA_PERFILAGEM 5 7/8"""
"1085","LOG_P200360","LOGÍSTICA_PERFILAGEM 6 1/8"""
"1086","LOG_P200370","LOGÍSTICA_PERFILAGEM 6"""
"1087","LOG_P200320","LOGÍSTICA_PERFILAGEM 8 1/2"""
"1088","LOG_D01630","LOGÍSTICA_PERFILAGEM 8 1/2"""
"1089","LOG_D01634","LOGÍSTICA_PERFILAGEM 8 1/2"""
"1090","LOG_D01634-A","LOGÍSTICA_PERFILAGEM 8 1/2"""
"1091","LOG_P200350","LOGÍSTICA_PERFILAGEM 8 1/2"" FINAL"
"1092","LOG_P200340","LOGÍSTICA_PERFILAGEM 8 1/2"" INTERMEDIARIA"
"1093","LOG_E01600PE","LOGÍSTICA_PERFILAGEM 8 1/2"" INTERMEDIARIA"
"1094","LOG_D01634PI","LOGÍSTICA_PERFILAGEM 8 1/2"" INTERMEDIARIA"
"1095","LOG_P200320PI","LOGÍSTICA_PERFILAGEM 8 1/2"" INTERMEDIARIA"
"1096","LOG_P200330","LOGÍSTICA_PERFILAGEM 8 1/2"" PILOTO"
"1097","LOG_P200300","LOGÍSTICA_PERFILAGEM 8 3/4"""
"1098","LOG_P200310","LOGÍSTICA_PERFILAGEM 8 3/4"" FINAL"
"1099","LOG_P200260","LOGÍSTICA_PERFILAGEM 9 1/2"""
"1100","LOG_D01640","LOGÍSTICA_PERFILAGEM 9 1/2"""
"1101","LOG_P200270","LOGÍSTICA_PERFILAGEM 9"""
"1102","LOG_P200290","LOGÍSTICA_PERFILAGEM 9"" FINAL"
"1103","LOG_P200280","LOGÍSTICA_PERFILAGEM 9"" INTERMEDIARIA"
"1104","LOG_A100140","LOGÍSTICA_PERFILAGEM DE PRODUCAO"
"1105","LOG_C200150","LOGÍSTICA_PERFILAGEM DE PRODUCAO"
"1106","LOG_R100740","LOGÍSTICA_PERFILAGEM DE PRODUCAO"
"1107","LOG_P200400","LOGÍSTICA_PERFILAGEM DESVIO 12 1/4"""
"1108","LOG_D01530D","LOGÍSTICA_PERFILAGEM DESVIO 12 1/4"""
"1109","LOG_P200390","LOGÍSTICA_PERFILAGEM DESVIO 14 3/4"""
"1110","LOG_D01540D","LOGÍSTICA_PERFILAGEM DESVIO 14 3/4"""
"1111","LOG_E01511PERFIL","LOGÍSTICA_PERFILAGEM INTERMEDIARIA 12 1/4"""
"1112","LOG_D01510PERFIL","LOGÍSTICA_PERFILAGEM INTERMEDIARIA 12 1/4"""
"1113","LOG_D01635","LOGÍSTICA_PERFILAGEM PILOTO 8 1/2"""
"1114","LOG_R100760","LOGÍSTICA_PERFILAGEM PLT"
"1115","LOG_P100550","LOGÍSTICA_PERFURACAO 10 5/8"""
"1116","LOG_P100540","LOGÍSTICA_PERFURACAO 10 5/8"" COM ALARGADOR 12 1/4"""
"1117","LOG_P200540","LOGÍSTICA_PERFURACAO 10 5/8"" X 12 1/4"""
"1118","LOG_D01520","LOGÍSTICA_PERFURACAO 12 1/4"" COM ALARGADOR 14 3/4"""
"1119","LOG_D01521","LOGÍSTICA_PERFURACAO 12 1/4"" COM ALARGADOR 14"""
"1120","LOG_D01426","LOGÍSTICA_PERFURACAO 12 1/4 COM ALARGADOR 16"""
"1121","LOG_P100470","LOGÍSTICA_PERFURACAO 12 1/4"""
"1122","LOG_D01510","LOGÍSTICA_PERFURACAO 12 1/4"""
"1123","LOG_P01510","LOGÍSTICA_PERFURACAO 12 1/4"""
"1124","LOG_P100440","LOGÍSTICA_PERFURACAO 12 1/4"" COM ALARGADOR 14 3/4"""
"1125","LOG_P100450","LOGÍSTICA_PERFURACAO 12 1/4"" COM ALARGADOR 14 3/4"" FINAL"
"1126","LOG_P100440PF","LOGÍSTICA_PERFURACAO 12 1/4"" COM ALARGADOR 14 3/4"" FINAL"
"1127","LOG_D01520PF","LOGÍSTICA_PERFURACAO 12 1/4"" COM ALARGADOR 14 3/4"" FINAL"
"1128","LOG_P100460","LOGÍSTICA_PERFURACAO 12 1/4"" COM ALARGADOR 14"""
"1129","LOG_P100430","LOGÍSTICA_PERFURACAO 12 1/4"" COM ALARGADOR 16"""
"1130","LOG_P100400","LOGÍSTICA_PERFURACAO 12 1/4"" COM ALARGADOR 17 1/2"""
"1131","LOG_P100420","LOGÍSTICA_PERFURACAO 12 1/4"" COM ALARGADOR 17 1/2"" FINAL"
"1132","LOG_P100400PF","LOGÍSTICA_PERFURACAO 12 1/4"" COM ALARGADOR 17 1/2"" FINAL"
"1133","LOG_P100410","LOGÍSTICA_PERFURACAO 12 1/4"" COM ALARGADOR 17 1/2"" PILOTO"
"1134","LOG_D01345","LOGÍSTICA_PERFURACAO 12 1/4"" COM ALARGADOR 22"""
"1135","LOG_P100520","LOGÍSTICA_PERFURACAO 12 1/4"" COM TESTEMUNHAGEM"
"1136","LOG_D01511","LOGÍSTICA_PERFURACAO 12 1/4"" COM TESTEMUNHAGEM 12 1/4"""
"1137","LOG_D01510C","LOGÍSTICA_PERFURACAO 12 1/4"" CONTINUACAO"
"1138","LOG_D01510DES","LOGÍSTICA_PERFURACAO 12 1/4"" DESVIO"
"1139","LOG_P100510","LOGÍSTICA_PERFURACAO 12 1/4"" FINAL"
"1140","LOG_P100500","LOGÍSTICA_PERFURACAO 12 1/4"" INTERMEDIARIA"
"1141","LOG_P100480","LOGÍSTICA_PERFURACAO 12 1/4"" PILOTO"
"1142","LOG_D01513","LOGÍSTICA_PERFURACAO 12 1/4"" PILOTO"
"1143","LOG_P100490","LOGÍSTICA_PERFURACAO 12 1/4"" PILOTO FINAL"
"1144","LOG_D01518","LOGÍSTICA_PERFURACAO 12 1/4"" PILOTO FINAL"
"1145","LOG_P100530","LOGÍSTICA_PERFURACAO 12 3/4"""
"1146","LOG_D01503","LOGÍSTICA_PERFURACAO 14 1/4"""
"1147","LOG_P100370","LOGÍSTICA_PERFURACAO 14 3/4"""
"1148","LOG_D01500","LOGÍSTICA_PERFURACAO 14 3/4"""
"1149","LOG_P10037010","LOGÍSTICA_PERFURACAO 14 3/4"""
"1150","LOG_P100357","LOGÍSTICA_PERFURACAO 14 3/4"" COM ALARGADOR 16 1/2"""
"1151","LOG_P100355","LOGÍSTICA_PERFURACAO 14 3/4"" COM ALARGADOR 16"""
"1152","LOG_P100360","LOGÍSTICA_PERFURACAO 14 3/4"" COM ALARGADOR 17 1/2"""
"1153","LOG_D01365","LOGÍSTICA_PERFURACAO 14 3/4"" COM ALARGADOR 17 1/2"""
"1154","LOG_E01365","LOGÍSTICA_PERFURACAO 14 3/4"" COM ALARGADOR 17 1/2"""
"1155","LOG_D01400","LOGÍSTICA_PERFURACAO 14 3/4"" COM ALARGADOR 17 1/2"""
"1156","LOG_P100390","LOGÍSTICA_PERFURACAO 14 3/4"" FINAL"
"1157","LOG_D01533","LOGÍSTICA_PERFURACAO 14 3/4"" FINAL"
"1158","LOG_P100380","LOGÍSTICA_PERFURACAO 14 3/4"" PILOTO"
"1159","LOG_D01505","LOGÍSTICA_PERFURACAO 14 3/4"" PILOTO"
"1160","LOG_P100330","LOGÍSTICA_PERFURACAO 16 1/2"""
"1161","LOG_P100315","LOGÍSTICA_PERFURACAO 16 1/2"" COM ALARGADOR 18"""
"1162","LOG_P100320","LOGÍSTICA_PERFURACAO 16 1/2"" COM ALARGADOR 20"""
"1163","LOG_P100335","LOGÍSTICA_PERFURACAO 16 1/2"" FINAL"
"1164","LOG_P100340","LOGÍSTICA_PERFURACAO 16"""
"1165","LOG_D01380","LOGÍSTICA_PERFURACAO 16"""
"1166","LOG_E01349","LOGÍSTICA_PERFURACAO 16"" COM ALARGADOR 17 1/2"""
"1167","LOG_P100345","LOGÍSTICA_PERFURACAO 16"" COM ALARGADOR 17 1/2"""
"1168","LOG_P100350","LOGÍSTICA_PERFURACAO 16"" FINAL"
"1169","LOG_D01392","LOGÍSTICA_PERFURACAO 16"" FINAL"
"1170","LOG_P100300","LOGÍSTICA_PERFURACAO 17 1/2"""
"1171","LOG_D01300","LOGÍSTICA_PERFURACAO 17 1/2"""
"1172","LOG_P100300REC","LOGÍSTICA_PERFURACAO 17 1/2"""
"1173","LOG_D01310","LOGÍSTICA_PERFURACAO 17 1/2"""
"1174","LOG_P100225","LOGÍSTICA_PERFURACAO 17 1/2"" COM ALARGADOR 19 1/2"""
"1175","LOG_P100230","LOGÍSTICA_PERFURACAO 17 1/2"" COM ALARGADOR 20"""
"1176","LOG_P100270","LOGÍSTICA_PERFURACAO 17 1/2"" COM ALARGADOR 22"""
"1177","LOG_D01315","LOGÍSTICA_PERFURACAO 17 1/2"" COM ALARGADOR 22"""
"1178","LOG_P100240","LOGÍSTICA_PERFURACAO 17 1/2"" COM ALARGADOR 24"""
"1179","LOG_E01301","LOGÍSTICA_PERFURACAO 17 1/2"" continuacao"
"1180","LOG_P100310","LOGÍSTICA_PERFURACAO 17 1/2"" FINAL"
"1181","LOG_P100300PF","LOGÍSTICA_PERFURACAO 17 1/2"" FINAL"
"1182","LOG_P100280","LOGÍSTICA_PERFURACAO 18 1/2"""
"1183","LOG_P100250","LOGÍSTICA_PERFURACAO 18 1/2"" COM ALARGADOR 22"""
"1184","LOG_P100290","LOGÍSTICA_PERFURACAO 18 1/8"""
"1185","LOG_P100260","LOGÍSTICA_PERFURACAO 18 1/8"" COM ALARGADOR 22"""
"1186","LOG_P100220","LOGÍSTICA_PERFURACAO 20"""
"1187","LOG_D01220","LOGÍSTICA_PERFURACAO 20"""
"1188","LOG_P100218","LOGÍSTICA_PERFURACAO 22"""
"1189","LOG_P100215","LOGÍSTICA_PERFURACAO 24"""
"1190","LOG_P100210","LOGÍSTICA_PERFURACAO 26"""
"1191","LOG_P100190","LOGÍSTICA_PERFURACAO 26"" COM ALARGADOR 28"""
"1192","LOG_P100180","LOGÍSTICA_PERFURACAO 26"" COM ALARGADOR 30"""
"1193","LOG_D01131","LOGÍSTICA_PERFURACAO 26"" COM ALARGADOR 31"""
"1194","LOG_P100160","LOGÍSTICA_PERFURACAO 26"" COM ALARGADOR 34"""
"1195","LOG_P100150","LOGÍSTICA_PERFURACAO 26"" COM ALARGADOR 36"""
"1196","LOG_D01130","LOGÍSTICA_PERFURACAO 26"" COM ALARGADOR 36"""
"1197","LOG_P100130","LOGÍSTICA_PERFURACAO 26"" COM ALARGADOR 42"""
"1198","LOG_P100200","LOGÍSTICA_PERFURACAO 28"""
"1199","LOG_P100120","LOGÍSTICA_PERFURACAO 28"" COM ALARGADOR 42"""
"1200","LOG_P100170","LOGÍSTICA_PERFURACAO 30"""
"1201","LOG_P100140","LOGÍSTICA_PERFURACAO 36"""
"1202","LOG_P100110","LOGÍSTICA_PERFURACAO 36"" COM ALARGADOR 42"""
"1203","LOG_D01120","LOGÍSTICA_PERFURACAO 36""/REV 30"""
"1204","LOG_D01126","LOGÍSTICA_PERFURACAO 36""/REV 30"""
"1205","LOG_P100100","LOGÍSTICA_PERFURACAO 42"""
"1206","LOG_E01104","LOGÍSTICA_PERFURACAO 42""/REV 36"""
"1207","LOG_P100800","LOGÍSTICA_PERFURACAO 5 7/8"""
"1208","LOG_P100780","LOGÍSTICA_PERFURACAO 6 1/8"""
"1209","LOG_P100708","LOGÍSTICA_PERFURACAO 6 1/8"""
"1210","LOG_P100790","LOGÍSTICA_PERFURACAO 6"""
"1211","LOG_P100700","LOGÍSTICA_PERFURACAO 8 1/2"""
"1212","LOG_D01600","LOGÍSTICA_PERFURACAO 8 1/2"""
"1213","LOG_D01600-A","LOGÍSTICA_PERFURACAO 8 1/2"""
"1214","LOG_D01670","LOGÍSTICA_PERFURACAO 8 1/2"""
"1215","LOG_P01600","LOGÍSTICA_PERFURACAO 8 1/2"""
"1216","LOG_P100660","LOGÍSTICA_PERFURACAO 8 1/2"" COM ALARGADOR 12 1/4"""
"1217","LOG_P100680","LOGÍSTICA_PERFURACAO 8 1/2"" COM ALARGADOR 9 1/2"""
"1218","LOG_D01603","LOGÍSTICA_PERFURACAO 8 1/2"" COM ALARGADOR 9 1/2"""
"1219","LOG_P100675","LOGÍSTICA_PERFURACAO 8 1/2"" COM ALARGADOR 9 1/2"" PILOTO"
"1220","LOG_P100670","LOGÍSTICA_PERFURACAO 8 1/2"" COM ALARGADOR 9 7/8"""
"1221","LOG_P100690","LOGÍSTICA_PERFURACAO 8 1/2"" COM ALARGADOR 9"""
"1222","LOG_D01602","LOGÍSTICA_PERFURACAO 8 1/2"" COM ALARGADOR 9"""
"1223","LOG_P100760","LOGÍSTICA_PERFURACAO 8 1/2"" COM TESTEMUNHAGEM"
"1224","LOG_P100750","LOGÍSTICA_PERFURACAO 8 1/2"" FINAL"
"1225","LOG_P100700PF","LOGÍSTICA_PERFURACAO 8 1/2"" FINAL"
"1226","LOG_D01600PF","LOGÍSTICA_PERFURACAO 8 1/2"" FINAL"
"1227","LOG_P100730","LOGÍSTICA_PERFURACAO 8 1/2"" HORIZONTAL"
"1228","LOG_D01600H","LOGÍSTICA_PERFURACAO 8 1/2"" HORIZONTAL"
"1229","LOG_P100740","LOGÍSTICA_PERFURACAO 8 1/2"" INTERMEDIARIA"
"1230","LOG_P100700PI","LOGÍSTICA_PERFURACAO 8 1/2"" INTERMEDIARIA"
"1231","LOG_P100710","LOGÍSTICA_PERFURACAO 8 1/2"" PILOTO"
"1232","LOG_P100770","LOGÍSTICA_PERFURACAO 8 1/2"" PILOTO COM TESTEMUNHAGEM"
"1233","LOG_P100720","LOGÍSTICA_PERFURACAO 8 1/2"" PILOTO FINAL"
"1234","LOG_P100630","LOGÍSTICA_PERFURACAO 8 3/4"""
"1235","LOG_P100620","LOGÍSTICA_PERFURACAO 8 3/4"" COM ALARGADOR 12 1/4"""
"1236","LOG_P100650","LOGÍSTICA_PERFURACAO 8 3/4"" FINAL"
"1237","LOG_P100640","LOGÍSTICA_PERFURACAO 8 3/4"" INTERMEDIARIA"
"1238","LOG_P100635","LOGÍSTICA_PERFURACAO 8 3/4"" PILOTO"
"1239","LOG_P100580","LOGÍSTICA_PERFURACAO 9 1/2"""
"1240","LOG_D01620","LOGÍSTICA_PERFURACAO 9 1/2"""
"1241","LOG_D01610","LOGÍSTICA_PERFURACAO 9 1/2"""
"1242","LOG_P100570","LOGÍSTICA_PERFURACAO 9 1/2"" COM ALARGADOR 10 5/8"""
"1243","LOG_P100565","LOGÍSTICA_PERFURACAO 9 1/2"" COM ALARGADOR 11 3/4"""
"1244","LOG_P100560","LOGÍSTICA_PERFURACAO 9 1/2"" COM ALARGADOR 12 1/4"""
"1245","LOG_D01627","LOGÍSTICA_PERFURACAO 9 1/2"" COM ALARGADOR 12 1/4"""
"1246","LOG_P100590","LOGÍSTICA_PERFURACAO 9 1/2"" HORIZONTAL"
"1247","LOG_D01622","LOGÍSTICA_PERFURACAO 9 1/2"" HORIZONTAL"
"1248","LOG_P100600","LOGÍSTICA_PERFURACAO 9"""
"1249","LOG_P100618","LOGÍSTICA_PERFURACAO 9"" COM TESTEMUNHAGEM 8 1/2"""
"1250","LOG_P100615","LOGÍSTICA_PERFURACAO 9"" FINAL"
"1251","LOG_P100610","LOGÍSTICA_PERFURACAO 9"" INTERMEDIARIA"
"1252","LOG_P100860","LOGÍSTICA_PERFURACAO DESVIO 12 1/4"""
"1253","LOG_D01510D","LOGÍSTICA_PERFURACAO DESVIO 12 1/4"""
"1254","LOG_D01510D20","LOGÍSTICA_PERFURACAO DESVIO 12 1/4"""
"1255","LOG_P100470D","LOGÍSTICA_PERFURACAO DESVIO 12 1/4"""
"1256","LOG_D01510D10","LOGÍSTICA_PERFURACAO DESVIO 12 1/4"" A"
"1257","LOG_P100850","LOGÍSTICA_PERFURACAO DESVIO 12 1/4"" COM ALARGADOR 14 3/4"""
"1258","LOG_D01520D","LOGÍSTICA_PERFURACAO DESVIO 12 1/4"" COM ALARGADOR 14 3/4"""
"1259","LOG_P100865","LOGÍSTICA_PERFURACAO DESVIO 12 1/4"" FINAL"
"1260","LOG_D01515D","LOGÍSTICA_PERFURACAO DESVIO 12 1/4"" FINAL"
"1261","LOG_P100840","LOGÍSTICA_PERFURACAO DESVIO 14 3/4"""
"1262","LOG_D01500D","LOGÍSTICA_PERFURACAO DESVIO 14 3/4"""
"1263","LOG_P100830","LOGÍSTICA_PERFURACAO DESVIO 14 3/4"" COM ALARGADOR 17 1/2"""
"1264","LOG_P100825","LOGÍSTICA_PERFURACAO DESVIO 16 1/2"""
"1265","LOG_P100820","LOGÍSTICA_PERFURACAO DESVIO 16"""
"1266","LOG_P100810","LOGÍSTICA_PERFURACAO DESVIO 17 1/2"""
"1267","LOG_P100300D","LOGÍSTICA_PERFURACAO DESVIO 17 1/2"""
"1268","LOG_P100211","LOGÍSTICA_PERFURACAO DESVIO 26"""
"1269","LOG_P100890","LOGÍSTICA_PERFURACAO DESVIO 8 1/2"""
"1270","LOG_P100870","LOGÍSTICA_PERFURACAO DESVIO 9 1/2"""
"1271","LOG_D01525D","LOGÍSTICA_PERFURACAO DESVIO 9 1/2"""
"1272","LOG_P100880","LOGÍSTICA_PERFURACAO DESVIO 9 1/2"" COM ALARGADOR 11 3/4"""
"1273","LOG_D01535","LOGÍSTICA_PERFURACAO FINAL 12 1/4"""
"1274","LOG_P100470PI","LOGÍSTICA_PERFURACAO INTERMEDIARIA 12 1/4"""
"1275","LOG_P100470PI B","LOGÍSTICA_PERFURACAO INTERMEDIARIA 12 1/4"""
"1276","LOG_P100470PI A","LOGÍSTICA_PERFURACAO INTERMEDIARIA 12 1/4"""
"1277","LOG_D01605","LOGÍSTICA_PERFURACAO PILOTO 8 1/2"""
"1278","LOG_D01601","LOGÍSTICA_PERFURACAO PILOTO 8 1/2"" COM TESTEMUNHAGEM"
"1279","LOG_D01605PF10","LOGÍSTICA_PERFURACAO PILOTO 8 1/2"" FINAL"
"1280","LOG_S100000","LOGÍSTICA_POCO A DEFINIR - DESENVOLVIMENTO"
"1281","LOG_S100200","LOGÍSTICA_POCO A DEFINIR - DP - AVALIACAO"
"1282","LOG_S100300","LOGÍSTICA_POCO A DEFINIR - DP - COMPLETACAO"
"1283","LOG_S100100","LOGÍSTICA_POCO A DEFINIR - DP - PERFURACAO"
"1284","LOG_S200200","LOGÍSTICA_POCO A DEFINIR - EXP - AVALIACAO"
"1285","LOG_S200300","LOGÍSTICA_POCO A DEFINIR - EXP - COMPLETACAO"
"1286","LOG_S200100","LOGÍSTICA_POCO A DEFINIR - EXP - PERFURACAO"
"1287","LOG_S200000","LOGÍSTICA_POCO A DEFINIR - EXPLORATORIO"
"1288","LOG_R100970","LOGÍSTICA_PREVENCAO DE HIDRATO"
"1289","LOG_R100960","LOGÍSTICA_QUEBRA DE HIDRATO"
"1290","LOG_C100090","LOGÍSTICA_RECANHONEIO"
"1291","LOG_R100700","LOGÍSTICA_RECANHONEIO"
"1292","LOG_D200000","LOGÍSTICA_RECEBIMENTO DA SONDA E LICENC. AMBIENTAL"
"1293","LOG_R100180","LOGÍSTICA_RECOMPLETACAO"
"1294","LOG_REC01050","LOGÍSTICA_RECOMPLETACAO - DESEQUIPAR"
"1295","LOG_REC01060","LOGÍSTICA_RECOMPLETACAO - RE-EQUIPAR"
"1296","LOG_REC01600","LOGÍSTICA_RECOMPLETACAO FINAL (DESCIDA DA BAP+DESCIDA DA COP+TH+ANM+TREE CAP)"
"1297","LOG_R01080","LOGÍSTICA_RECUPERACAO DE EQUIPAMENTOS"
"1298","LOG_R101360","LOGÍSTICA_RECUPERACAO DO PACKER DE ABANDONO"
"1299","LOG_A100410","LOGÍSTICA_REENTRADA"
"1300","LOG_R100000","LOGÍSTICA_REENTRADA"
"1301","LOG_R100010","LOGÍSTICA_REENTRADA"
"1302","LOG_P300710","LOGÍSTICA_REENTRADA NO POCO"
"1303","LOG_C100040","LOGÍSTICA_REENTRADA NO POCO"
"1304","LOG_D03250","LOGÍSTICA_REEQUIPAR"
"1305","LOG_C200100","LOGÍSTICA_REGISTRO DE PRESSAO"
"1306","LOG_R100780","LOGÍSTICA_REGISTRO DE PRESSAO"
"1307","LOG_C200102","LOGÍSTICA_REGISTRO DE PRESSAO ALTO DESEMPENHO"
"1308","LOG_R100782","LOGÍSTICA_REGISTRO DE PRESSAO ALTO DESEMPENHO"
"1309","LOG_R100781","LOGÍSTICA_REGISTRO DE PRESSAO CONVENCIONAL"
"1310","LOG_C200101","LOGÍSTICA_REGISTRO DE PRESSAO CONVENCIONAL"
"1311","LOG_R100980","LOGÍSTICA_REMOCAO DA INCRUSTACAO"
"1312","LOG_R100400","LOGÍSTICA_REPARO DA BAP"
"1313","LOG_C200010","LOGÍSTICA_REPARO DA COP"
"1314","LOG_R100940","LOGÍSTICA_REPARO DE DHSV"
"1315","LOG_O100020","LOGÍSTICA_REPARO DO MOBO"
"1316","LOG_R101160","LOGÍSTICA_REPARO NA VGL"
"1317","LOG_SER0011","LOGÍSTICA_REPARO NO MOBO"
"1318","LOG_R100360","LOGÍSTICA_REPARO NO TH"
"1319","LOG_R100160","LOGÍSTICA_RESTABELECIMENTO DA COP"
"1320","LOG_R100040","LOGÍSTICA_RESTAURACAO PROBABILISTICA"
"1321","LOG_R100115","LOGÍSTICA_RETIRADA BRV"
"1322","LOG_R100280","LOGÍSTICA_RETIRADA DA ANC"
"1323","LOG_R100220","LOGÍSTICA_RETIRADA DA ANM"
"1324","LOG_R100440","LOGÍSTICA_RETIRADA DA BAP"
"1325","LOG_R100500","LOGÍSTICA_RETIRADA DA BCS"
"1326","LOG_R100480","LOGÍSTICA_RETIRADA DA BCSS"
"1327","LOG_R101220","LOGÍSTICA_RETIRADA DA CA"
"1328","LOG_R101200","LOGÍSTICA_RETIRADA DA CAUDA"
"1329","LOG_R100120","LOGÍSTICA_RETIRADA DA COP"
"1330","LOG_R100320","LOGÍSTICA_RETIRADA DA TREE CAP"
"1331","LOG_R100380","LOGÍSTICA_RETIRADA DA TRT"
"1332","LOG_R100472","LOGÍSTICA_RETIRADA DE BARREIRAS MECANICAS"
"1333","LOG_R100093","LOGÍSTICA_RETIRADA DE BARREIRAS MECANICAS"
"1334","LOG_R100198","LOGÍSTICA_RETIRADA DE BOP"
"1335","LOG_C100205","LOGÍSTICA_RETIRADA DE CATS"
"1336","LOG_A100310","LOGÍSTICA_RETIRADA DE COLUNA COM DST"
"1337","LOG_C100931","LOGÍSTICA_RETIRADA DE COLUNA COM DST"
"1338","LOG_R100090","LOGÍSTICA_RETIRADA DE PLUG"
"1339","LOG_D03310","LOGÍSTICA_RETIRADA DE PLUG"
"1340","LOG_R100095","LOGÍSTICA_RETIRADA DE PLUG 2"
"1341","LOG_D03070","LOGÍSTICA_RETIRADA DO BOP"
"1342","LOG_D01541","LOGÍSTICA_RETIRADA DO BOP"
"1343","LOG_P300340","LOGÍSTICA_REV/CIM 10 3/4"""
"1344","LOG_D01560","LOGÍSTICA_REV/CIM 10 3/4"""
"1345","LOG_D01559","LOGÍSTICA_REV/CIM 10 3/4"""
"1346","LOG_P300370","LOGÍSTICA_REV/CIM 10 3/4"" E 9 5/8"""
"1347","LOG_D01570","LOGÍSTICA_REV/CIM 10 3/4"" E 9 5/8"""
"1348","LOG_P300360","LOGÍSTICA_REV/CIM 10 3/4"" E 9 7/8"""
"1349","LOG_P300400","LOGÍSTICA_REV/CIM 10 3/4"" E LINER 7"""
"1350","LOG_P300395","LOGÍSTICA_REV/CIM 10 3/4"" E LINER 9 5/8"""
"1351","LOG_P300390","LOGÍSTICA_REV/CIM 10 3/4"" E LINER 9 7/8"""
"1352","LOG_P300350","LOGÍSTICA_REV/CIM 10 3/4"" 9 7/8"" E 9 5/8"""
"1353","LOG_P300300","LOGÍSTICA_REV/CIM 11 3/4"""
"1354","LOG_D01557","LOGÍSTICA_REV/CIM 11 3/4"""
"1355","LOG_P300320","LOGÍSTICA_REV/CIM 11 3/4"" E 13 3/8"""
"1356","LOG_P300310","LOGÍSTICA_REV/CIM 11 3/4"" E 13 5/8"""
"1357","LOG_P300290","LOGÍSTICA_REV/CIM 11 7/8"""
"1358","LOG_P300292","LOGÍSTICA_REV/CIM 11 7/8"" E 9 7/8"""
"1359","LOG_P300270","LOGÍSTICA_REV/CIM 13 3/8"""
"1360","LOG_D01410","LOGÍSTICA_REV/CIM 13 3/8"""
"1361","LOG_P300250","LOGÍSTICA_REV/CIM 13 5/8"""
"1362","LOG_D01405","LOGÍSTICA_REV/CIM 13 5/8"""
"1363","LOG_P300265","LOGÍSTICA_REV/CIM 13 5/8"" E 10 3/4"""
"1364","LOG_P300260","LOGÍSTICA_REV/CIM 13 5/8"" E 13 3/8"""
"1365","LOG_P300210","LOGÍSTICA_REV/CIM 14"""
"1366","LOG_P300225","LOGÍSTICA_REV/CIM 14"" + TIE BACK 13 5/8"""
"1367","LOG_P300230","LOGÍSTICA_REV/CIM 14"" E 13 3/8"""
"1368","LOG_P300220","LOGÍSTICA_REV/CIM 14"" E 13 5/8"""
"1369","LOG_P300240","LOGÍSTICA_REV/CIM 14"" 13 5/8"" E 13 3/8"""
"1370","LOG_D01413","LOGÍSTICA_REV/CIM 14"" 13 5/8"" E 13 3/8"""
"1371","LOG_P300200","LOGÍSTICA_REV/CIM 16"""
"1372","LOG_D01370","LOGÍSTICA_REV/CIM 16"""
"1373","LOG_P300170","LOGÍSTICA_REV/CIM 18"""
"1374","LOG_P300150","LOGÍSTICA_REV/CIM 20"""
"1375","LOG_D01240","LOGÍSTICA_REV/CIM 20"""
"1376","LOG_P300160","LOGÍSTICA_REV/CIM 20"" E 16"""
"1377","LOG_D01241","LOGÍSTICA_REV/CIM 20"" E 16"""
"1378","LOG_P300155","LOGÍSTICA_REV/CIM 20"" E 18"""
"1379","LOG_P300140","LOGÍSTICA_REV/CIM 22"""
"1380","LOG_P300145","LOGÍSTICA_REV/CIM 22"" E 20"""
"1381","LOG_P300130","LOGÍSTICA_REV/CIM 28"""
"1382","LOG_P300120","LOGÍSTICA_REV/CIM 30"""
"1383","LOG_D01140","LOGÍSTICA_REV/CIM 30"""
"1384","LOG_P300100","LOGÍSTICA_REV/CIM 36"""
"1385","LOG_P300520","LOGÍSTICA_REV/CIM 5 1/2"""
"1386","LOG_P300530","LOGÍSTICA_REV/CIM 5"""
"1387","LOG_P300480","LOGÍSTICA_REV/CIM 7"""
"1388","LOG_P300430","LOGÍSTICA_REV/CIM 9 5/8"""
"1389","LOG_D01550","LOGÍSTICA_REV/CIM 9 5/8"""
"1390","LOG_D01552","LOGÍSTICA_REV/CIM 9 5/8"" + TIE BACK"
"1391","LOG_P300435","LOGÍSTICA_REV/CIM 9 5/8"" FINAL"
"1392","LOG_P300420","LOGÍSTICA_REV/CIM 9 7/8"""
"1393","LOG_P300425","LOGÍSTICA_REV/CIM 9 7/8"" + TIE BACK"
"1394","LOG_P300410","LOGÍSTICA_REV/CIM 9 7/8"" E 9 5/8"""
"1395","LOG_D01568","LOGÍSTICA_REV/CIM 9 7/8"" E 9 5/8"""
"1396","LOG_P300415","LOGÍSTICA_REV/CIM 9 7/8"" E 9 5/8"" + TIE BACK"
"1397","LOG_P300630","LOGÍSTICA_REV/CIM DESVIO 10 3/4"""
"1398","LOG_D01560D","LOGÍSTICA_REV/CIM DESVIO 10 3/4"""
"1399","LOG_P300620","LOGÍSTICA_REV/CIM DESVIO 10 3/4"" E 9 5/8"""
"1400","LOG_D01553D","LOGÍSTICA_REV/CIM DESVIO 10 3/4"" E 9 5/8"""
"1401","LOG_P300570","LOGÍSTICA_REV/CIM DESVIO 13 3/8"""
"1402","LOG_P300580","LOGÍSTICA_REV/CIM DESVIO 13 3/8"" E 10 3/4"""
"1403","LOG_P300560","LOGÍSTICA_REV/CIM DESVIO 13 5/8"""
"1404","LOG_D01416D","LOGÍSTICA_REV/CIM DESVIO 13 5/8"""
"1405","LOG_P300590","LOGÍSTICA_REV/CIM DESVIO 13 5/8"" E 10 3/4"""
"1406","LOG_P300550","LOGÍSTICA_REV/CIM DESVIO 14"" E 10 3/4"""
"1407","LOG_P300650","LOGÍSTICA_REV/CIM DESVIO 9 5/8"""
"1408","LOG_D01550D","LOGÍSTICA_REV/CIM DESVIO 9 5/8"""
"1409","LOG_P300430D","LOGÍSTICA_REV/CIM DESVIO 9 5/8"""
"1410","LOG_P300640","LOGÍSTICA_REV/CIM DESVIO LINER 10 3/4"""
"1411","LOG_D01547D","LOGÍSTICA_REV/CIM DESVIO LINER 10 3/4"""
"1412","LOG_P300610","LOGÍSTICA_REV/CIM DESVIO LINER 13 3/8"""
"1413","LOG_D01545D","LOGÍSTICA_REV/CIM DESVIO LINER 13 3/8"""
"1414","LOG_P300600","LOGÍSTICA_REV/CIM DESVIO LINER 13 5/8"" E 10 3/4"""
"1415","LOG_D01571D","LOGÍSTICA_REV/CIM DESVIO LINER 13 5/8"" E 10 3/4"""
"1416","LOG_P300660","LOGÍSTICA_REV/CIM DESVIO LINER 9 5/8"""
"1417","LOG_D01551D","LOGÍSTICA_REV/CIM DESVIO LINER 9 5/8"""
"1418","LOG_D01569D","LOGÍSTICA_REV/CIM DESVIO LINER 9 5/8"""
"1419","LOG_P300380","LOGÍSTICA_REV/CIM LINER 10 3/4"""
"1420","LOG_P300381","LOGÍSTICA_REV/CIM LINER 10 3/4"" + TIE BACK"
"1421","LOG_P300375","LOGÍSTICA_REV/CIM LINER 10 3/4"" E 9 5/8"" + TIE BACK"
"1422","LOG_P300330","LOGÍSTICA_REV/CIM LINER 11 3/4"""
"1423","LOG_D01555","LOGÍSTICA_REV/CIM LINER 11 3/4"""
"1424","LOG_P300295","LOGÍSTICA_REV/CIM LINER 11 7/8"""
"1425","LOG_P300280","LOGÍSTICA_REV/CIM LINER 13 3/8"""
"1426","LOG_P300255","LOGÍSTICA_REV/CIM LINER 13 5/8"""
"1427","LOG_P300190","LOGÍSTICA_REV/CIM LINER 16"""
"1428","LOG_D01321","LOGÍSTICA_REV/CIM LINER 16"""
"1429","LOG_P300180","LOGÍSTICA_REV/CIM LINER 18"""
"1430","LOG_P300540","LOGÍSTICA_REV/CIM LINER 5 1/2"""
"1431","LOG_P300535","LOGÍSTICA_REV/CIM LINER 5"""
"1432","LOG_P300490","LOGÍSTICA_REV/CIM LINER 7 5/8"""
"1433","LOG_P300510","LOGÍSTICA_REV/CIM LINER 7"""
"1434","LOG_S300140","LOGÍSTICA_REV/CIM LINER 7"""
"1435","LOG_D01650","LOGÍSTICA_REV/CIM LINER 7"""
"1436","LOG_D01660","LOGÍSTICA_REV/CIM LINER 7"""
"1437","LOG_P300500","LOGÍSTICA_REV/CIM LINER 7"" PILOTO"
"1438","LOG_P300470","LOGÍSTICA_REV/CIM LINER 9 5/8"""
"1439","LOG_D01567","LOGÍSTICA_REV/CIM LINER 9 5/8"""
"1440","LOG_P300440","LOGÍSTICA_REV/CIM LINER 9 5/8"" + TIE BACK"
"1441","LOG_P300445","LOGÍSTICA_REV/CIM LINER 9 5/8"" + TIE BACK 10 3/4"""
"1442","LOG_P300460","LOGÍSTICA_REV/CIM LINER 9 7/8"""
"1443","LOG_P300465","LOGÍSTICA_REV/CIM LINER 9 7/8"" + TIE BACK"
"1444","LOG_P300467","LOGÍSTICA_REV/CIM LINER 9 7/8"" + TIE BACK 10 3/4"""
"1445","LOG_P300450","LOGÍSTICA_REV/CIM LINER 9 7/8"" E 9 5/8"""
"1446","LOG_P300455","LOGÍSTICA_REV/CIM LINER 9 7/8"" E 9 5/8"" + TIE BACK 10 3/4"""
"1447","LOG_D01648","LOGÍSTICA_REV/CIM PILOTO LINER 8 1/2"""
"1448","LOG_R101430","LOGÍSTICA_TAMPAO DE CIMENTO"
"1449","LOG_E01755","LOGÍSTICA_TCIM E ABANDONO"
"1450","LOG_C200060","LOGÍSTICA_TESTE DE FORMACAO COM VALVULA DE FECHAMENTO DE FUNDO"
"1451","LOG_R100860","LOGÍSTICA_TESTE DE FORMACAO COM VALVULA DE FECHAMENTO DE FUNDO"
"1452","LOG_C200070","LOGÍSTICA_TESTE DE FORMACAO COM VALVULA DE FECHAMENTO DE FUNDO 2"
"1453","LOG_C200090","LOGÍSTICA_TESTE DE INJETIVIDADE"
"1454","LOG_R100840","LOGÍSTICA_TESTE DE INJETIVIDADE"
"1455","LOG_C200095","LOGÍSTICA_TESTE DE INJETIVIDADE 2"
"1456","LOG_C200091","LOGÍSTICA_TESTE DE INJETIVIDADE COM DST CONVENCIONAL"
"1457","LOG_R100841","LOGÍSTICA_TESTE DE INJETIVIDADE COM DST CONVENCIONAL"
"1458","LOG_C200096","LOGÍSTICA_TESTE DE INJETIVIDADE COM DST CONVENCIONAL 2"
"1459","LOG_C200092","LOGÍSTICA_TESTE DE INJETIVIDADE COM DST DE ALTO DESEMPENHO"
"1460","LOG_R100842","LOGÍSTICA_TESTE DE INJETIVIDADE COM DST DE ALTO DESEMPENHO"
"1461","LOG_C200097","LOGÍSTICA_TESTE DE INJETIVIDADE COM DST DE ALTO DESEMPENHO 2"
"1462","LOG_C200093","LOGÍSTICA_TESTE DE INJETIVIDADE COM DST LARGE BORE"
"1463","LOG_R100843","LOGÍSTICA_TESTE DE INJETIVIDADE COM DST LARGE BORE"
"1464","LOG_C200098","LOGÍSTICA_TESTE DE INJETIVIDADE COM DST LARGE BORE 2"
"1465","LOG_C200094","LOGÍSTICA_TESTE DE INJETIVIDADE SEM DST"
"1466","LOG_R100844","LOGÍSTICA_TESTE DE INJETIVIDADE SEM DST"
"1467","LOG_C200099","LOGÍSTICA_TESTE DE INJETIVIDADE SEM DST 2"
"1468","LOG_C200080","LOGÍSTICA_TESTE DE PRODUCAO"
"1469","LOG_R100820","LOGÍSTICA_TESTE DE PRODUCAO"
"1470","LOG_A200000","LOGÍSTICA_TESTE DST"
"1471","LOG_C100900","LOGÍSTICA_TESTE DST"
"1472","LOG_D01608","LOGÍSTICA_TESTEMUNHAGEM"
"1473","LOG_P300680","LOGÍSTICA_TESTEMUNHAGEM 12 1/4"""
"1474","LOG_D01515","LOGÍSTICA_TESTEMUNHAGEM 12 1/4"""
"1475","LOG_P300685","LOGÍSTICA_TESTEMUNHAGEM 12 1/4"" FINAL"
"1476","LOG_P300670","LOGÍSTICA_TESTEMUNHAGEM 14 3/4"""
"1477","LOG_D01522","LOGÍSTICA_TESTEMUNHAGEM 14 3/4"""
"1478","LOG_P300690","LOGÍSTICA_TESTEMUNHAGEM 8 1/2"""
"1479","LOG_P300700","LOGÍSTICA_TESTEMUNHAGEM 8 1/2"" PILOTO"
"1480","LOG_D01645","LOGÍSTICA_TESTEMUNHAGEM PILOTO 8 1/2"""
"1481","LOG_A300500","LOGÍSTICA_TFR NA 2A ZONA"
"1482","LOG_A300510","LOGÍSTICA_TFR NA 3A ZONA"
"1483","LOG_R101080","LOGÍSTICA_TRATAMENTO QUIMICO"
"1484","LOG_C300010","LOGÍSTICA_TREE CAP"
"1485","LOG_D03910","LOGÍSTICA_TREE CAP"
"1486","LOG_R100260","LOGÍSTICA_TROCA DA ANC"
"1487","LOG_R100200","LOGÍSTICA_TROCA DA ANM"
"1488","LOG_R100200C","LOGÍSTICA_TROCA DA ANM (DESCER)"
"1489","LOG_R100420","LOGÍSTICA_TROCA DA BAP"
"1490","LOG_R100420A","LOGÍSTICA_TROCA DA BAP - CONTINUACAO"
"1491","LOG_R100560","LOGÍSTICA_TROCA DA BCS"
"1492","LOG_R100540","LOGÍSTICA_TROCA DA BCS PROBABILISTICA"
"1493","LOG_R100580","LOGÍSTICA_TROCA DA BCS PROBABILISTICA"
"1494","LOG_R100520","LOGÍSTICA_TROCA DA BCSS"
"1495","LOG_R100521","LOGÍSTICA_TROCA DA BCSS DO MOBO"
"1496","LOG_R100070","LOGÍSTICA_TROCA DA COP"
"1497","LOG_R100060","LOGÍSTICA_TROCA DA COP"
"1498","LOG_R101180","LOGÍSTICA_TROCA DA VGL"
"1499","LOG_R100340C","LOGÍSTICA_TROCA DA VGL - CONTINUACAO"
"1500","LOG_R100080","LOGÍSTICA_TROCA DE ACESSORIOS DA COP"
"1501","LOG_R100920","LOGÍSTICA_TROCA DE DHSV"
"1502","LOG_R101240","LOGÍSTICA_TROCA DE GRAVEL"
"1503","LOG_O100080","LOGÍSTICA_TROCA DE MODULOS DE VALVULAS"
"1504","LOG_R101000","LOGÍSTICA_TROCA DE SLIDING SLEEVES"
"1505","LOG_P400100","LOGÍSTICA_TUBULAO 20"""
"1506","LOG_R100030","LOGÍSTICA_WORKOVER SEM ESCOPO"
